Author,Period,Work,Tokenized Text,Text,Lemmatized Text
Ausonius,Patristic,Mosella,"['unde', 'iter', 'ingrediens', 'nemorosa', 'per', 'avia', 'solum', 'et', 'nulla', 'humani', 'spectans', 'vestigia', 'cultus', 'praetereo', 'arentem', 'sitientibus', 'undique', 'terris', 'dumnissum', 'riguasque', 'perenni', 'fonte', 'tabernas', 'arvaque', 'sauromatum', 'nuper', 'metata', 'colonis', 'et', 'tandem', 'primis', 'belgarum', 'conspicor', 'oris', 'noiomagum', 'divi', 'castra', 'inclita', 'constantini', '.']",unde iter ingrediens nemorosa per avia solum et nulla humani spectans vestigia cultus praetereo arentem sitientibus undique terris dumnissum riguasque perenni fonte tabernas arvaque sauromatum nuper metata colonis et tandem primis belgarum conspicor oris noiomagum divi castra inclita constantini .,"['unde', 'iter', 'ingredior', 'nemorosus', 'per', 'avia', 'solum', 'et', 'nullus', 'humanus', 'spector', 'vestigia', 'cultus', 'praetereo', 'aro', 'sitio', 'undique', 'terra', 'dumnissus', 'riguasque', 'perennus', 'fons', 'tabernus', 'arvaque', 'sauromatum', 'nuper', 'meto', 'colon', 'et', 'tandem', 'primus', 'belga', 'conspicio', 'oris', 'noiomagus', 'divi', 'castra', 'inclio', 'constantinus', '.']"
Ausonius,Patristic,Mosella,"['purior', 'hic', 'campis', 'aer', 'phoebusque', 'sereno', 'lumine', 'purpureum', 'reserat', 'iam', 'sudus', 'olympum', '.']",purior hic campis aer phoebusque sereno lumine purpureum reserat iam sudus olympum .,"['purus', 'hic', 'campus', 'aer', 'phoebusque', 'serenus', 'lumen', 'purpureus', 'resero', 'iam', 'sudus', 'olympus', '.']"
Ausonius,Patristic,Mosella,"['nec', 'iam', 'consertis', 'per', 'mutua', 'vincula', 'ramis', 'quaeritur', 'exclusum', 'viridi', 'caligine', 'caelum', 'sed', 'liquidum', 'iubar', 'et', 'rutilam', 'visentibus', 'aethram', 'libera', 'perspicui', 'non', 'invidet', 'aura', 'diei', '.']",nec iam consertis per mutua vincula ramis quaeritur exclusum viridi caligine caelum sed liquidum iubar et rutilam visentibus aethram libera perspicui non invidet aura diei .,"['nec', 'iam', 'conse', 'per', 'mutuus', 'vincula', 'ram', 'quaero', 'excludo', 'viridi', 'caligo', 'caelum', 'sed', 'liquidus', 'iubar', 'et', 'rutila', 'visentibus', 'aethra', 'liber', 'perspicuus', 'non', 'invidet', 'aura', 'dies', '.']"
Ausonius,Patristic,Mosella,"['in', 'speciem', 'quin', 'me', 'patriae', 'cultumque', 'nitentis', 'burdigalae', 'blando', 'pepulerunt', 'omnia', 'visu', 'culmina', 'villarum', 'pendentibus', 'edita', 'ripis', 'et', 'virides', 'baccho', 'colles', 'et', 'amoena', 'fluenta', 'subter', 'labentis', 'tacito', 'rumore', 'mosellae', '.']",in speciem quin me patriae cultumque nitentis burdigalae blando pepulerunt omnia visu culmina villarum pendentibus edita ripis et virides baccho colles et amoena fluenta subter labentis tacito rumore mosellae .,"['in', 'species', 'quin', 'ego', 'patrius', 'cultus', 'nitor', 'burdigalis', 'blando', 'pipo', 'omnis', 'visu', 'culmina', 'villarum', 'pendeo', 'edo', 'ripus', 'et', 'virides', 'bacchus', 'collis', 'et', 'amoena', 'fluentum', 'subs', 'labor', 'taceo', 'rumor', 'mosella', '.']"
Ausonius,Patristic,Mosella,"['salve', 'amnis', 'laudate', 'agris', 'laudate', 'colonis', 'dignata', 'imperio', 'debent', 'cui', 'moenia', 'belgae', 'amnis', 'odorifero', 'iuga', 'vitea', 'consite', 'baccho', 'consite', 'gramineas', 'amnis', 'viridissime', 'ripas', 'naviger', 'ut', 'pelagus', 'devexas', 'pronus', 'in', 'undas', 'ut', 'fluvius', 'vitreoque', 'lacus', 'imitate', 'profundo', 'et', 'rivos', 'trepido', 'potis', 'aequiperare', 'meatu', 'et', 'liquido', 'gelidos', 'fontes', 'praecellere', 'potu', 'omnia', 'solus', 'habes', 'quae', 'fons', 'quae', 'rivus', 'et', 'amnis', 'et', 'lacus', 'et', 'bivio', 'refluus', 'manamine', 'pontus', 'tu', 'placidis', 'praelapsus', 'aquis', 'nec', 'murmura', 'venti', 'ulla', 'nec', 'occulti', 'pateris', 'luctamina', 'saxi', 'non', 'spirante', '1', 'vado', 'rapidos', 'properare', '2', 'meatus', 'cogeris', 'extantes', 'medio', 'non', 'aequore', 'terras', 'interceptus', 'habes', 'iusti', 'ne', 'demat', 'honorem', 'nominis', 'exclusum', 'si', 'dividat', 'insula', 'flumen', 'tu', 'duplices', 'sortite', 'vias', 'et', 'cum', 'amne', 'secundo', 'defluis', 'ut', 'celeres', 'feriant', 'vada', 'concita', 'remi', 'et', 'cum', 'per', 'ripas', 'nusquam', 'cessante', 'remulco', 'intendunt', 'collo', 'malorum', 'vincula', 'nautae', '.']",salve amnis laudate agris laudate colonis dignata imperio debent cui moenia belgae amnis odorifero iuga vitea consite baccho consite gramineas amnis viridissime ripas naviger ut pelagus devexas pronus in undas ut fluvius vitreoque lacus imitate profundo et rivos trepido potis aequiperare meatu et liquido gelidos fontes praecellere potu omnia solus habes quae fons quae rivus et amnis et lacus et bivio refluus manamine pontus tu placidis praelapsus aquis nec murmura venti ulla nec occulti pateris luctamina saxi non spirante 1 vado rapidos properare 2 meatus cogeris extantes medio non aequore terras interceptus habes iusti ne demat honorem nominis exclusum si dividat insula flumen tu duplices sortite vias et cum amne secundo defluis ut celeres feriant vada concita remi et cum per ripas nusquam cessante remulco intendunt collo malorum vincula nautae .,"['saleo', 'amnis', 'laudo', 'ager', 'laudo', 'colon', 'digno', 'imperium', 'debeo', 'qui', 'moenia', 'belgus', 'amnis', 'odorifer', 'iuga', 'vitea', 'consiscor', 'bacchus', 'consite', 'gramineum', 'amnis', 'viridissime', 'ripa', 'naviger', 'ut', 'pelagus', 'devexas', 'pronus', 'in', 'undus', 'ut', 'fluvius', 'vitreoque', 'lacus', 'imitor', 'profundo', 'et', 'rivos', 'trepidus', 'possum', 'aequipero', 'meatus', 'et', 'liquido', 'golus', 'fons', 'praecello', 'potus', 'omnis', 'solus', 'habeo', 'qui', 'fons', 'qui', 'rivus', 'et', 'amnis', 'et', 'lacus', 'et', 'bivio', 'refluus', 'maneo', 'pontus', 'tu', 'placidus', 'praelabo', 'aquis', 'nec', 'murmura', 'venti', 'ullus', 'nec', 'occulo', 'pater', 'luctamina', 'sax', 'non', 'spiro', '1', 'vado', 'rapidus', 'propero', '2', 'meatus', 'cogo', 'exsto', 'medius', 'non', 'aequor', 'terra', 'intercipio', 'habeo', 'iustus', 'ne', 'demo', 'honor', 'nomen', 'excludo', 'si', 'dividat', 'insula', 'flumen', 'tu', 'duplex', 'sortite', 'vias', 'et', 'cum', 'amnis', 'secundus', 'defluis', 'ut', 'celers', 'ferio', 'vada', 'concitus', 'res', 'et', 'cum', 'per', 'ripa', 'nusquam', 'cesso', 'remulco', 'intendo', 'collus', 'malum', 'vincula', 'nauta', '.']"
Ausonius,Patristic,Mosella,"['ipse', 'tuos', 'quotiens', 'miraris', 'in', 'amne', 'recursus', 'legitimosque', 'putas', 'prope', 'segnius', 'ire', 'meatus', '?']",ipse tuos quotiens miraris in amne recursus legitimosque putas prope segnius ire meatus ?,"['ipse', 'tuus', 'quotiens', 'miraris', 'in', 'amnis', 'recursus', 'legitimus', 'puto', 'prope', 'segne', 'eo', 'meatus', '?']"
Ausonius,Patristic,Mosella,"['tu', 'neque', 'limigenis', 'ripam', 'praetexeris', 'ulvis', 'nec', 'piger', 'inmundo', 'perfundis', 'litora', 'caeno', 'sicca', 'in', 'primores', 'pergunt', 'vestigia', 'lymphas', '.']",tu neque limigenis ripam praetexeris ulvis nec piger inmundo perfundis litora caeno sicca in primores pergunt vestigia lymphas .,"['tu', 'neque', 'limigen', 'ripa', 'praetexeo', 'ulvis', 'nec', 'piger', 'inmundus', 'perfundo', 'litor', 'caenum', 'siccus', 'in', 'primus', 'pergo', 'vestigia', 'lympha', '.']"
Ausonius,Patristic,Mosella,"['i', 'nunc', 'et', 'phrygiis', 'sola', 'levia', 'consere', 'crustis', 'tendens', 'marmoreum', 'laqueata', 'per', 'atria', 'campum', 'ast', 'ego', 'despectis', 'quae', 'census', 'opesque', 'dederunt', 'naturae', 'mirabor', 'opus', 'non', 'dira', 'nepotum', 'laetaque', 'iacturis', 'ubi', 'luxuriatur', 'egestas', 'hic', 'solidae', 'sternunt', 'umentia', 'litora', 'harenae', 'nec', 'retinent', 'memores', 'vestigia', 'pressa', 'figuras', '.']",i nunc et phrygiis sola levia consere crustis tendens marmoreum laqueata per atria campum ast ego despectis quae census opesque dederunt naturae mirabor opus non dira nepotum laetaque iacturis ubi luxuriatur egestas hic solidae sternunt umentia litora harenae nec retinent memores vestigia pressa figuras .,"['i', 'nunc', 'et', 'phrygeus', 'solus', 'levia', 'conseo', 'crustus', 'tendo', 'marmoreus', 'laqueo', 'per', 'atria', 'campus', 'ast', 'ego', 'despicio', 'qui', 'census', 'opusqui', 'do', 'natura', 'miror', 'opus', 'non', 'dirus', 'nepo', 'laetaquus', 'iaceo', 'ubi', 'luxurio', 'egestas', 'hic', 'solidus', 'sum', 'umentia', 'litor', 'harena', 'nec', 'retineo', 'memor', 'vestigia', 'preo', 'figura', '.']"
Ausonius,Patristic,Mosella,"['spectans', 'vitreo', 'per', 'levia', 'terga', 'profundo', 'secreti', 'nihil', 'amnis', 'habens', 'utque', 'almus', 'aperto', 'panditur', 'intuitu', '1', 'liquidis', 'obtutibus', 'aer', 'nec', 'placidi', 'prohibent', 'oculos', 'per', 'inania', 'venti', 'sic', 'demersa', 'procul', 'durante', 'per', 'intima', 'visu', 'cernimus', 'arcanique', 'patet', 'penetrale', 'profundi', 'cum', 'vada', 'lene', 'meant', 'liquidarum', 'et', 'lapsus', 'aquarum', 'prodit', 'caerulea', 'dispersas', 'luce', 'figuras', 'quod', 'sulcata', 'levi', 'crispatur', 'harena', 'meatu', 'inclinata', 'tremunt', 'viridi', 'quod', 'gramina', 'fundo', 'usque', 'sub', 'ingenuis', 'agitatae', 'fontibus', 'herbae', 'vibrantes', 'patiuntur', 'aquas', 'lucetque', 'latetque', 'calculus', 'et', 'viridem', 'distinguit', 'glarea', 'muscum', 'tota', 'caledoniis', 'talis', 'patet', 'ora', 'britannis', 'cum', 'virides', 'algas', 'et', 'rubra', 'corallia', 'nudat', 'aestus', 'et', 'albentes', 'concharum', 'germina', 'bacas', 'delicias', 'hominum', 'locupletibus', 'atque', 'sub', 'undis', 'adsimulant', 'nostros', 'imitata', 'monilia', 'cultus', 'haud', 'aliter', 'placidae', 'subter', 'vada', 'laeta', 'mosellae', 'detegit', 'admixtos', 'non', 'concolor', 'herba', 'lapillos', '.']",spectans vitreo per levia terga profundo secreti nihil amnis habens utque almus aperto panditur intuitu 1 liquidis obtutibus aer nec placidi prohibent oculos per inania venti sic demersa procul durante per intima visu cernimus arcanique patet penetrale profundi cum vada lene meant liquidarum et lapsus aquarum prodit caerulea dispersas luce figuras quod sulcata levi crispatur harena meatu inclinata tremunt viridi quod gramina fundo usque sub ingenuis agitatae fontibus herbae vibrantes patiuntur aquas lucetque latetque calculus et viridem distinguit glarea muscum tota caledoniis talis patet ora britannis cum virides algas et rubra corallia nudat aestus et albentes concharum germina bacas delicias hominum locupletibus atque sub undis adsimulant nostros imitata monilia cultus haud aliter placidae subter vada laeta mosellae detegit admixtos non concolor herba lapillos .,"['spector', 'vitreo', 'per', 'levia', 'terga', 'profundo', 'secero', 'nihil', 'amnis', 'habeo', 'utque', 'almus', 'aperio', 'pando', 'intuitus', '1', 'liquam', 'obtus', 'aer', 'nec', 'placidus', 'prohibeo', 'oculus', 'per', 'inanis', 'venti', 'sic', 'demergo', 'procul', 'duro', 'per', 'intimus', 'visu', 'cigno', 'arcaniquus', 'pateo', 'penetralis', 'profundus', 'cum', 'vada', 'lenis', 'meo', 'liquida', 'et', 'labor', 'aqua', 'prodeo', 'caeruleus', 'dispergo', 'lux', 'figura', 'quod', 'sulco', 'levi', 'crispo', 'harena', 'meatus', 'inclino', 'tremo', 'viridi', 'quod', 'graminus', 'fundus', 'usque', 'sub', 'ingenus', 'agito', 'fons', 'herba', 'vibrantes', 'patior', 'aqua', 'luceo', 'latetquo', 'calculus', 'et', 'viridem', 'distinguo', 'glarea', 'muscus', 'totus', 'caledonium', 'talis', 'pateo', 'ora', 'brito', 'cum', 'virides', 'algus', 'et', 'rubrus', 'corallia', 'nudo', 'aestus', 'et', 'albeo', 'concha', 'germina', 'bacas', 'delicias', 'homo', 'locuplo', 'atque', 'sub', 'uns', 'adsimulo', 'noster', 'imitor', 'monilia', 'cultus', 'haud', 'aliter', 'placidus', 'subter', 'vada', 'laetus', 'mosella', 'detigeo', 'admisceo', 'non', 'concolus', 'herba', 'lapillus', '.']"
Ausonius,Patristic,Mosella,"['intentos', 'tamen', 'usque', 'oculos', 'errore', 'fatigant', 'interludentes', 'examina', 'lubrica', 'pisces', 'sed', 'neque', 'tot', 'species', 'obliquatosque', 'natatus', 'quaeque', 'per', 'adversum', 'succedunt', 'agmina', 'flumen', 'nominaque', 'et', 'cunctos', 'numerosae', 'stirpis', 'alumnos', 'edere', 'fas', 'aut', 'ille', 'sinit', 'cui', 'cura', 'secundae', 'sortis', 'et', 'aequorei', 'cessit', 'tutela', 'tridentis', '.']",intentos tamen usque oculos errore fatigant interludentes examina lubrica pisces sed neque tot species obliquatosque natatus quaeque per adversum succedunt agmina flumen nominaque et cunctos numerosae stirpis alumnos edere fas aut ille sinit cui cura secundae sortis et aequorei cessit tutela tridentis .,"['intendo', 'tamen', 'usque', 'oculus', 'error', 'fatigo', 'interludo', 'examina', 'lubricus', 'pisces', 'sed', 'neque', 'tot', 'species', 'obliquo', 'nator', 'quisque', 'per', 'adversum', 'succedo', 'agmina', 'flumen', 'nominaquus', 'et', 'cunctus', 'numerosus', 'stirpa', 'alumnus', 'edo', 'fas', 'aut', 'ille', 'sino', 'qui', 'cura', 'secundus', 'sors', 'et', 'aequoreus', 'cestio', 'tutela', 'trideo', '.']"
Ausonius,Patristic,Mosella,"['tu', 'mihi', 'flumineis', 'habitatrix', 'nais', 'in', 'oris', 'squamigeri', 'gregis', 'ede', 'choros', 'liquidoque', 'sub', 'alveo', 'dissere', 'caeruleo', 'fluitantes', 'amne', 'catervas', '.']",tu mihi flumineis habitatrix nais in oris squamigeri gregis ede choros liquidoque sub alveo dissere caeruleo fluitantes amne catervas .,"['tu', 'ego', 'flumenei', 'habitatrix', 'nais', 'in', 'oris', 'squamigo', 'grex', 'edo', 'chora', 'liquidue', 'sub', 'alveo', 'dissum', 'caeruleus', 'fluito', 'amnis', 'catervas', '.']"
Ausonius,Patristic,Mosella,"['squameus', 'herbosas', 'capito', 'inter', 'lucet', 'harenas', 'viscere', 'praetenero', 'fartim', 'congestus', 'aristis', 'nec', 'duraturus', 'post', 'bina', 'trihoria', 'mensis', 'purpureisque', 'salar', 'stellatus', 'tergora', 'guttis', 'et', 'nullo', 'spinae', 'nociturus', 'acumine', 'rhedo', 'effugiensque', 'oculos', 'celeri', 'levis', 'umbra', 'natatu', '.']",squameus herbosas capito inter lucet harenas viscere praetenero fartim congestus aristis nec duraturus post bina trihoria mensis purpureisque salar stellatus tergora guttis et nullo spinae nociturus acumine rhedo effugiensque oculos celeri levis umbra natatu .,"['squameus', 'herbosus', 'capitus', 'inter', 'luceo', 'harena', 'viscere', 'praetenerus', 'fars', 'congestus', 'aristis', 'nec', 'duro', 'post', 'binus', 'trihorius', 'mensis', 'purpureus', 'salar', 'stello', 'tergora', 'guttus', 'et', 'nullus', 'spina', 'nogo', 'acumen', 'rhedus', 'effugio', 'oculus', 'celerus', 'les', 'umbra', 'nator', '.']"
Ausonius,Patristic,Mosella,"['juque', 'per', 'obliqui', 'fauces', 'vexate', 'saravi', 'qua', 'bis', 'terna', 'fremunt', 'scopulosis', 'ostia', 'pilis', 'cum', 'defluxisti', 'famae', 'maioris', 'in', 'amnem', 'liberior', 'laxos', 'exerces', 'barbe', 'natatus', 'tu', 'melior', 'peiore', 'aevo', 'tibi', 'contigit', 'omni', 'spirantum', 'ex', 'numero', 'non', 'inlaudata', 'senectus', '.']",juque per obliqui fauces vexate saravi qua bis terna fremunt scopulosis ostia pilis cum defluxisti famae maioris in amnem liberior laxos exerces barbe natatus tu melior peiore aevo tibi contigit omni spirantum ex numero non inlaudata senectus .,"['juque', 'per', 'obliquus', 'faux', 'vexate', 'saravi', 'qui', 'bis', 'ternus', 'fremo', 'scopulosus', 'ostia', 'pilis', 'cum', 'defluo', 'fama', 'magnus', 'in', 'amnis', 'liber', 'lago', 'exerceo', 'bare', 'nator', 'tu', 'bonus', 'malus', 'aevo', 'tu', 'contingo', 'omnis', 'spiro', 'ex', 'numerus', 'non', 'inlaudo', 'senectus', '.']"
Ausonius,Patristic,Mosella,"['nec', 'te', 'puniceo', 'rutilantem', 'viscere', 'salmo', 'transierim', 'latae', 'cuius', 'vaga', 'verbera', 'caudae', 'gurgite', 'de', 'medio', 'summas', 'referuntur', 'in', 'undas', 'occultus', 'placido', 'cum', 'proditur', 'aequore', 'pulsus', '.']",nec te puniceo rutilantem viscere salmo transierim latae cuius vaga verbera caudae gurgite de medio summas referuntur in undas occultus placido cum proditur aequore pulsus .,"['nec', 'tu', 'puniceum', 'rutilo', 'viscere', 'salmus', 'transieris', 'latas', 'qui', 'vaga', 'verbera', 'cauda', 'gurgo', 'de', 'medius', 'summus', 'refero', 'in', 'undus', 'occulo', 'placidus', 'cum', 'prodeo', 'aequor', 'pulgo', '.']"
Ausonius,Patristic,Mosella,"['tu', 'loricato', 'squamosus', 'pectore', 'frontem', 'lubricus', 'et', 'dubiae', 'facturus', 'fercula', 'cenae', 'tempora', 'longarum', 'fers', 'incorrupte', 'morarum', 'praesignis', 'maculis', 'capitis', 'cui', 'prodiga', 'nutat', 'alvus', 'opimatoque', 'fluens', 'abdomine', 'venter', '.']",tu loricato squamosus pectore frontem lubricus et dubiae facturus fercula cenae tempora longarum fers incorrupte morarum praesignis maculis capitis cui prodiga nutat alvus opimatoque fluens abdomine venter .,"['tu', 'lorico', 'squamosus', 'pector', 'frons', 'lubricus', 'et', 'dubius', 'facio', 'fercula', 'coena', 'tempus', 'longus', 'fego', 'incorruptus', 'mora', 'praesignus', 'maculus', 'caput', 'qui', 'prodigus', 'nuto', 'alvus', 'opimor', 'fluo', 'abdomo', 'venter', '.']"
Ausonius,Patristic,Mosella,"['quaeque', 'per', 'illyricum', 'per', 'stagna', 'binominis', 'histri', 'spumarum', 'indiciis', 'caperis', 'mustela', 'natantum', 'in', 'nostrum', 'subvecta', 'fretum', 'ne', 'laeta', 'mosellae', 'flumina', 'tam', 'celebri', 'defrudarentur', 'alumno', '.']",quaeque per illyricum per stagna binominis histri spumarum indiciis caperis mustela natantum in nostrum subvecta fretum ne laeta mosellae flumina tam celebri defrudarentur alumno .,"['quisque', 'per', 'illericus', 'per', 'stagna', 'binomen', 'histrum', 'spuma', 'indicium', 'caper', 'mustela', 'nator', 'in', 'noster', 'subvecta', 'fretus', 'ne', 'laetus', 'mosella', 'flumen', 'tam', 'celebrus', 'defrudo', 'alumnus', '.']"
Ausonius,Patristic,Mosella,"['quis', 'te', 'naturae', 'pinxit', 'color', '!']",quis te naturae pinxit color !,"['quis', 'tu', 'natura', 'pingo', 'color', '!']"
Ausonius,Patristic,Mosella,"['atra', 'superne', 'puncta', 'notant', 'tergum', 'qua', 'lutea', 'circuit', 'iris', 'lubrica', 'caeruleus', 'perducit', 'tergora', 'fucus', 'corporis', 'ad', 'medium', 'fartim', 'pinguescis', 'at', 'illinc', 'usque', 'sub', 'extremam', 'squalet', 'cutis', 'arida', 'caudam', '.']",atra superne puncta notant tergum qua lutea circuit iris lubrica caeruleus perducit tergora fucus corporis ad medium fartim pinguescis at illinc usque sub extremam squalet cutis arida caudam .,"['atra', 'superne', 'pungo', 'noto', 'tergus', 'qui', 'lutea', 'circuo', 'iris', 'lubricus', 'caeruleus', 'perduco', 'tergora', 'fucus', 'corpus', 'ad', 'medius', 'fars', 'pinguesca', 'at', 'illinc', 'usque', 'sub', 'exterior', 'squaleo', 'cutus', 'aridus', 'cauda', '.']"
Ausonius,Patristic,Mosella,"['nec', 'te', 'delicias', 'mensarum', 'perca', 'silebo', 'amnigenos', 'inter', 'pisces', 'dignande', 'marinis', 'solus', 'puniceis', 'facilis', 'contendere', 'mullis', 'nam', 'neque', 'gustus', 'iners', 'solidoque', 'in', 'corpore', 'partes', 'segmentis', 'coeunt', 'sed', 'dissociantur', 'aristis', '.']",nec te delicias mensarum perca silebo amnigenos inter pisces dignande marinis solus puniceis facilis contendere mullis nam neque gustus iners solidoque in corpore partes segmentis coeunt sed dissociantur aristis .,"['nec', 'tu', 'delicias', 'mensa', 'perca', 'silo', 'amnigenus', 'inter', 'pisces', 'digno', 'maren', 'solus', 'punimeum', 'facilis', 'contendo', 'mullus', 'nam', 'neque', 'gustus', 'iners', 'solidoque', 'in', 'corpus', 'pars', 'segmentum', 'coeo', 'sed', 'dissocio', 'aristis', '.']"
Ausonius,Patristic,Mosella,"['hic', 'etiam', 'latio', 'risus', 'praenomine', 'cultor', 'stagnorum', 'querulis', 'vis', 'infestissima', 'ranis', 'lucius', 'obscuras', 'ulva', 'caenoque', 'lacunas', 'obsidet', 'hic', 'nullos', 'mensarum', 'lectus', 'ad', 'usus', 'fervet', 'fumosis', 'olido', 'nidore', 'popinis', '.']",hic etiam latio risus praenomine cultor stagnorum querulis vis infestissima ranis lucius obscuras ulva caenoque lacunas obsidet hic nullos mensarum lectus ad usus fervet fumosis olido nidore popinis .,"['hic', 'etiam', 'latio', 'risus', 'praenomin', 'cultor', 'stagnum', 'querulus', 'vis', 'infestus', 'ranis', 'lucus', 'obscurus', 'ulva', 'caenuq', 'lacuna', 'obsideo', 'hic', 'nullus', 'mensa', 'lequor', 'ad', 'usus', 'fervet', 'fumosus', 'olidus', 'nidus', 'popina', '.']"
Ausonius,Patristic,Mosella,"['quis', 'non', 'et', 'virides', 'vulgi', 'solacia', 'tineas', 'norit', 'et', 'alburnos', 'praedam', 'puerilibus', 'hamis', 'stridentesque', 'focis', 'obsonia', 'plebis', 'alausas', '?']",quis non et virides vulgi solacia tineas norit et alburnos praedam puerilibus hamis stridentesque focis obsonia plebis alausas ?,"['quis', 'non', 'et', 'virides', 'vulgi', 'solacia', 'tinea', 'nosco', 'et', 'alburnus', 'praeda', 'puerilis', 'hamo', 'strido', 'focus', 'obsonia', 'plebs', 'alausa', '?']"
Ausonius,Patristic,Mosella,"['teque', 'inter', 'species', 'geminas', 'neutrumque', 'et', 'utrumque', 'qui', 'nec', 'dum', 'salmo', 'nec', 'iam', 'salar', 'ambiguusque', 'amborum', 'medio', 'sario', 'intercepte', 'sub', 'aevo', '?']",teque inter species geminas neutrumque et utrumque qui nec dum salmo nec iam salar ambiguusque amborum medio sario intercepte sub aevo ?,"['teque', 'inter', 'species', 'gemina', 'neuterque', 'et', 'uterque', 'qui', 'nec', 'dum', 'salmus', 'nec', 'iam', 'salo', 'ambiguusque', 'ambo', 'medius', 'sario', 'intercepte', 'sub', 'aevo', '?']"
Ausonius,Patristic,Mosella,"['tu', 'quoque', 'flumineas', 'inter', 'memorande', 'cohortes', 'gobio', 'non', 'geminis', 'maior', 'sine', 'pollice', 'palmis', 'praepinguis', 'teres', 'ovipara', 'congestior', 'alvo', 'propexique', 'iubas', 'imitatus', 'gobio', 'barbi', '.']",tu quoque flumineas inter memorande cohortes gobio non geminis maior sine pollice palmis praepinguis teres ovipara congestior alvo propexique iubas imitatus gobio barbi .,"['tu', 'quoque', 'flumineus', 'inter', 'memoro', 'cohor', 'gobium', 'non', 'geminus', 'magnus', 'sine', 'pollex', 'palma', 'praepinguus', 'ter', 'ovipara', 'congestus', 'alvo', 'propexique', 'iuba', 'imitor', 'gobium', 'barbo', '.']"
Ausonius,Patristic,Mosella,"['nunc', 'pecus', 'aequoreum', 'celebrabere', 'magne', 'silure', 'quem', 'velut', 'actaeo', 'perductum', 'tergora', 'olivo', 'amnicolam', 'delphina', 'reor', 'sic', 'per', 'freta', 'magnum', 'laberis', 'et', 'longi', 'vix', 'corporis', 'agmina', 'solvis', 'aut', 'brevibus', 'deprensa', 'vadis', 'aut', 'fluminis', 'ulvis', '.']",nunc pecus aequoreum celebrabere magne silure quem velut actaeo perductum tergora olivo amnicolam delphina reor sic per freta magnum laberis et longi vix corporis agmina solvis aut brevibus deprensa vadis aut fluminis ulvis .,"['nunc', 'pecus', 'aequoreus', 'celebro', 'mago', 'siluo', 'qui', 'velut', 'actaeo', 'perduco', 'tergora', 'olivo', 'amnicola', 'delphinus', 'reor', 'sic', 'per', 'fretus', 'magnus', 'labor', 'et', 'longus', 'vix', 'corpus', 'agmina', 'solvis', 'aut', 'brevibus', 'deprendo', 'vadis', 'aut', 'flumen', 'uleies', '.']"
Ausonius,Patristic,Mosella,"['at', 'cum', 'tranquillos', 'moliris', 'in', 'amne', 'meatus', 'te', 'virides', 'ripae', 'te', 'caerula', 'turba', 'natantum', 'te', 'liquidae', 'mirantur', 'aquae', 'diffunditur', 'alveo', 'aestus', 'et', 'extremi', 'procurrunt', 'margine', 'fluctus', 'talis', 'atlantiaco', 'quondam', 'ballena', 'profundo', 'cum', 'vento', 'motuve', 'suo', 'telluris', 'ad', 'oras', 'pellitur', 'exclusum', 'exundat', 'mare', 'magnaque', 'surgunt', 'aequora', 'vicinique', 'timent', 'decrescere', 'montes', 'hic', 'tamen', 'hic', 'nostrae', 'mitis', 'ballena', 'mosellae', 'exitio', 'procul', 'est', 'magnoque', 'honor', 'additus', 'amni', '.']",at cum tranquillos moliris in amne meatus te virides ripae te caerula turba natantum te liquidae mirantur aquae diffunditur alveo aestus et extremi procurrunt margine fluctus talis atlantiaco quondam ballena profundo cum vento motuve suo telluris ad oras pellitur exclusum exundat mare magnaque surgunt aequora vicinique timent decrescere montes hic tamen hic nostrae mitis ballena mosellae exitio procul est magnoque honor additus amni .,"['at', 'cum', 'tranquillus', 'molior', 'in', 'amnis', 'meatus', 'tu', 'virides', 'ripas', 'tu', 'caerulum', 'turba', 'nator', 'tu', 'liquida', 'miror', 'aqua', 'diffundo', 'alveo', 'aestus', 'et', 'exterior', 'procurro', 'margo', 'fluctus', 'talis', 'atlantiacus', 'quidam', 'ballena', 'profundo', 'cum', 'vento', 'motuve', 'suus', 'tellura', 'ad', 'ora', 'pello', 'excludo', 'exundo', 'mare', 'magnus', 'surgo', 'aequor', 'vicinique', 'timeo', 'decresco', 'mons', 'hic', 'tamen', 'hic', 'noster', 'mitis', 'ballena', 'mosella', 'exitium', 'procul', 'sum', 'magnus', 'honor', 'addo', 'amnus', '.']"
Ausonius,Patristic,Mosella,"['iam', 'liquidas', 'spectasse', 'vias', 'et', 'lubrica', 'pisces', 'agmina', 'multiplicesque', 'satis', 'numerasse', 'catervas', 'inducant', 'aliam', 'spectacula', 'vitea', 'pompam', 'sollicitentque', 'vagos', 'baccheia', 'munera', 'visus', 'qua', 'sublimis', 'apex', 'longo', 'super', 'ardua', 'tractu', 'et', 'rupes', 'et', 'aprica', 'iugi', 'flexusque', 'sinusque', 'vitibus', 'adsurgunt', 'naturalique', 'theatro', '.']",iam liquidas spectasse vias et lubrica pisces agmina multiplicesque satis numerasse catervas inducant aliam spectacula vitea pompam sollicitentque vagos baccheia munera visus qua sublimis apex longo super ardua tractu et rupes et aprica iugi flexusque sinusque vitibus adsurgunt naturalique theatro .,"['iam', 'liquidas', 'spector', 'vias', 'et', 'lubricus', 'pisces', 'agmina', 'multiplex', 'satis', 'numero', 'catervas', 'induco', 'alius', 'spectacula', 'vitea', 'pompa', 'sollicito', 'vagos', 'baccheius', 'munus', 'visus', 'qui', 'sublimis', 'apex', 'longus', 'super', 'arduus', 'tractus', 'et', 'rupes', 'et', 'apricus', 'iugi', 'flequor', 'sinuusque', 'vitibus', 'asurgo', 'naturalis', 'theatrum', '.']"
Ausonius,Patristic,Mosella,"['gauranum', 'sic', 'alma', 'iugum', 'vindemia', 'vestit', 'et', 'rhodopen', 'proprioque', 'nitent', 'pangaea', 'lyaeo', 'sic', 'viret', 'ismarius', 'super', 'aequora', 'thracia', 'collis', 'sic', 'mea', 'flaventem', 'pingunt', 'vineta', 'garumnam', '.']",gauranum sic alma iugum vindemia vestit et rhodopen proprioque nitent pangaea lyaeo sic viret ismarius super aequora thracia collis sic mea flaventem pingunt vineta garumnam .,"['gauranus', 'sic', 'almus', 'iugum', 'vindemia', 'vestit', 'et', 'rhodopen', 'proprius', 'nitor', 'pangaea', 'lyaeus', 'sic', 'viret', 'ismarius', 'super', 'aequor', 'thracia', 'colla', 'sic', 'meus', 'flaventem', 'pingo', 'vineta', 'garumna', '.']"
Ausonius,Patristic,Mosella,"['summis', 'quippe', 'iugis', 'tendentis', 'in', 'ultima', 'clivi', 'conseritur', 'viridi', 'fluvialis', 'margo', 'lyaeo', '.']",summis quippe iugis tendentis in ultima clivi conseritur viridi fluvialis margo lyaeo .,"['summus', 'quippe', 'iux', 'tendo', 'in', 'ultimus', 'clivi', 'consero', 'viridi', 'fluvialis', 'margus', 'lyaeus', '.']"
Ausonius,Patristic,Mosella,"['laeta', 'operum', 'plebes', 'festinantesque', 'coloni', 'vertice', 'nunc', 'summo', 'properant', 'nunc', 'deiuge', 'dorso', 'certantes', 'stolidis', 'clamoribus', 'inde', 'viator', 'riparum', 'subiecta', 'terens', 'hinc', 'navita', 'labens', 'probra', 'canunt', 'seris', 'cultoribus', 'adstrepit', 'ollis', 'et', 'rupes', 'et', 'silva', 'tremens', 'et', 'concavus', 'amnis', '.']",laeta operum plebes festinantesque coloni vertice nunc summo properant nunc deiuge dorso certantes stolidis clamoribus inde viator riparum subiecta terens hinc navita labens probra canunt seris cultoribus adstrepit ollis et rupes et silva tremens et concavus amnis .,"['laetus', 'opus', 'plebs', 'festino', 'colonus', 'vertice', 'nunc', 'summus', 'propero', 'nunc', 'deiuge', 'dors', 'certo', 'stolidus', 'clamor', 'inde', 'viator', 'ripa', 'subicio', 'tero', 'hinc', 'navita', 'labeo', 'probrum', 'cano', 'ser', 'cultor', 'astripio', 'ollis', 'et', 'rupes', 'et', 'silva', 'tremens', 'et', 'concavus', 'amnis', '.']"
Ausonius,Patristic,Mosella,"['nec', 'solos', 'homines', 'delectat', 'scaena', 'locorum', 'hic', 'ego', 'et', 'agrestes', 'satyros', 'et', 'glauca', 'tuentes', 'naidas', 'extremis', 'credam', 'concurrere', 'ripis', 'capripedes', 'agitat', 'cum', 'laeta', 'protervia', 'panas', 'insultantque', 'vadis', 'trepidasque', 'sub', 'amne', 'sorores', 'terrent', 'indocili', 'pulsantes', 'verbere', 'fluctum', 'saepe', 'etiam', 'mediis', 'furata', 'e', 'collibus', 'uvas', 'inter', 'oreiadas', 'panope', 'fluvialis', 'amicas', 'fugit', 'lascivos', 'paganica', 'numina', 'faunos', '.']",nec solos homines delectat scaena locorum hic ego et agrestes satyros et glauca tuentes naidas extremis credam concurrere ripis capripedes agitat cum laeta protervia panas insultantque vadis trepidasque sub amne sorores terrent indocili pulsantes verbere fluctum saepe etiam mediis furata e collibus uvas inter oreiadas panope fluvialis amicas fugit lascivos paganica numina faunos .,"['nec', 'solus', 'homo', 'delecto', 'scaena', 'locus', 'hic', 'ego', 'et', 'agrestes', 'satyr', 'et', 'glauca', 'tueo', 'naida', 'exterior', 'credo', 'concurro', 'ripus', 'capripes', 'agito', 'cum', 'laetus', 'protervia', 'panas', 'insulto', 'vadis', 'trepidus', 'sub', 'amnis', 'soror', 'terro', 'indocilis', 'pulso', 'verbere', 'fluctus', 'saepe', 'etiam', 'medius', 'turo', 'ex', 'collis', 'uvas', 'inter', 'oreiadas', 'panop', 'fluvialis', 'amicus', 'fugio', 'lascivos', 'paganicus', 'numinus', 'faunus', '.']"
Ausonius,Patristic,Mosella,"['dicitur', 'et', 'medio', 'cum', 'sol', 'stetit', 'igneus', 'orbe', 'ad', 'commune', 'fretum', 'satyros', 'vitreasque', 'sorores', 'consortes', 'celebrare', 'choros', 'cum', 'praebuit', 'horas', 'secretas', 'hominum', 'coetu', 'flagrantior', 'aestus', '.']",dicitur et medio cum sol stetit igneus orbe ad commune fretum satyros vitreasque sorores consortes celebrare choros cum praebuit horas secretas hominum coetu flagrantior aestus .,"['dico', 'et', 'medius', 'cum', 'sol', 'sisto', 'igneus', 'orbe', 'ad', 'communis', 'fretus', 'satyrus', 'vitreasque', 'soror', 'consors', 'celebro', 'chora', 'cum', 'praebeo', 'hora', 'secerno', 'homo', 'coetus', 'flagro', 'aestus', '.']"
Ausonius,Patristic,Mosella,"['tune', 'insultantes', 'sua', 'per', 'freta', 'ludere', 'nymphas', 'et', 'satyros', 'mersare', 'vadis', 'rudibusque', 'natandi', 'per', 'medias', 'exire', 'manus', 'dum', 'lubrica', 'falsi', 'membra', 'petunt', 'liquidosque', 'favent', 'pro', 'corpore', 'fluctus', '.']",tune insultantes sua per freta ludere nymphas et satyros mersare vadis rudibusque natandi per medias exire manus dum lubrica falsi membra petunt liquidosque favent pro corpore fluctus .,"['tuneo', 'insulto', 'suus', 'per', 'fretus', 'ludeo', 'nympha', 'et', 'satyr', 'merso', 'vadis', 'rudusque', 'nator', 'per', 'medius', 'exeo', 'manus', 'dum', 'lubricus', 'falsus', 'membrum', 'peto', 'liquidosque', 'favent', 'pro', 'corpus', 'fluctus', '.']"
Ausonius,Patristic,Mosella,"['sed', 'non', 'haec', 'spectata', 'ulli', 'nec', 'cognita', 'visu', 'fas', 'mihi', 'sit', 'pro', 'parte', 'loqui', 'secreta', 'tegatur', 'et', 'commissa', 'suis', 'lateat', 'reverentia', 'rivis', '.']",sed non haec spectata ulli nec cognita visu fas mihi sit pro parte loqui secreta tegatur et commissa suis lateat reverentia rivis .,"['sed', 'non', 'hic', 'specto', 'ullus', 'nec', 'cognosco', 'visu', 'fas', 'ego', 'sum', 'pro', 'pars', 'loquor', 'secretum', 'tego', 'et', 'committo', 'suus', 'lateo', 'reverentia', 'ris', '.']"
Ausonius,Patristic,Mosella,"['illa', 'fruenda', 'palam', 'species', 'cum', 'glaucus', 'opaco', 'respondet', 'colli', 'fluvius', 'frondere', 'videntur', 'fluminei', 'latices', 'et', 'palmite', 'consitus', 'amnis', 'quis', 'color', 'ille', 'vadis', 'seras', 'cum', 'propulit', 'umbras', 'hesperus', 'et', 'viridi', 'perfundit', 'monte', 'mosellam', '!']",illa fruenda palam species cum glaucus opaco respondet colli fluvius frondere videntur fluminei latices et palmite consitus amnis quis color ille vadis seras cum propulit umbras hesperus et viridi perfundit monte mosellam !,"['ille', 'fruor', 'palam', 'species', 'cum', 'glaucus', 'opacus', 'respondeo', 'collis', 'fluvius', 'frondeo', 'videntur', 'flumenes', 'laticus', 'et', 'palmitus', 'consitus', 'amnis', 'quis', 'color', 'ille', 'vadis', 'serra', 'cum', 'profero', 'umbra', 'hesperus', 'et', 'viridi', 'perfundo', 'mons', 'mosella', '!']"
Ausonius,Patristic,Mosella,"['tota', 'natant', 'crispis', 'iuga', 'motibus', 'et', 'tremit', 'absens', 'pampinus', 'et', 'vitreis', 'vindemia', 'turget', 'in', 'undis', '.']",tota natant crispis iuga motibus et tremit absens pampinus et vitreis vindemia turget in undis .,"['totus', 'nato', 'crispus', 'iuga', 'motus', 'et', 'tremo', 'absum', 'pampinus', 'et', 'vitreis', 'vindemia', 'turgo', 'in', 'uns', '.']"
Ausonius,Patristic,Mosella,"['adnumerat', 'virides', 'derisus', 'navita', 'vites', 'navita', 'caudiceo', 'fluitans', 'super', 'aequora', 'lembo', 'per', 'medium', 'qua', 'sese', 'amni', 'confundit', 'imago', 'collis', 'et', 'umbrarum', 'confinia', 'conserit', 'amnis', '.']",adnumerat virides derisus navita vites navita caudiceo fluitans super aequora lembo per medium qua sese amni confundit imago collis et umbrarum confinia conserit amnis .,"['adnumero', 'virides', 'derisus', 'navita', 'vites', 'navita', 'caudiceus', 'fluito', 'super', 'aequor', 'lembo', 'per', 'medius', 'qui', 'se', 'amnus', 'confundo', 'imago', 'colla', 'et', 'umbra', 'confinis', 'consero', 'amnis', '.']"
Ausonius,Patristic,Mosella,"['haec', 'quoque', 'quam', 'dulces', 'celebrant', 'spectacula', 'pompas', 'remipedes', 'medio', 'certant', 'cum', 'flumine', 'lembi', 'et', 'varios', 'ineunt', 'flexus', 'viridesque', 'per', 'oras', 'stringunt', 'attonsis', 'pubentia', 'germina', 'pratis', '!']",haec quoque quam dulces celebrant spectacula pompas remipedes medio certant cum flumine lembi et varios ineunt flexus viridesque per oras stringunt attonsis pubentia germina pratis !,"['hic', 'quoque', 'qui', 'dulcis', 'celebro', 'spectacula', 'pompus', 'remipedes', 'medius', 'certo', 'cum', 'flumen', 'lembs', 'et', 'varios', 'insum', 'flexus', 'viridesque', 'per', 'ora', 'stringo', 'attonsis', 'pubo', 'germina', 'pratus', '!']"
Ausonius,Patristic,Mosella,"['puppibus', 'et', 'proris', 'alacres', 'gestire', 'magistros', 'impubemque', 'manum', 'super', 'amnica', 'terga', 'vagantem', 'dum', 'spectat', 'viridis', 'qua', 'surgit', 'ripa', 'colonus', 'non', 'sentit1', 'transire', 'diem', 'sua', 'seria', 'ludo', 'posthabet', '2', 'excludit', 'veteres', 'nova', 'gratia', 'curas', '.']",puppibus et proris alacres gestire magistros impubemque manum super amnica terga vagantem dum spectat viridis qua surgit ripa colonus non sentit1 transire diem sua seria ludo posthabet 2 excludit veteres nova gratia curas .,"['puppis', 'et', 'pror', 'alacer', 'gestio', 'magister', 'impubemque', 'manus', 'super', 'amnicus', 'terga', 'vagantem', 'dum', 'specto', 'viridis', 'qui', 'surgo', 'ripa', 'colonus', 'non', 'sentio', 'transeo', 'dies', 'suus', 'seria', 'ludus', 'posthabeo', '2', 'excludo', 'veteres', 'nova', 'gratia', 'cura', '.']"
Ausonius,Patristic,Mosella,"['quales', 'cumano', 'despectat', 'in', 'aequore', 'ludos', 'liber', 'sulphurei', 'cum', 'per', 'iuga', 'consita', 'gauri', 'perque', 'vaporiferi', 'graditur', 'vineta', 'vesevi', 'cum', 'venus', 'actiacis', 'augusti', 'laeta', 'triumphis', 'ludere', 'lascivos', 'fera', 'proelia', 'iussit', 'amores', '.']",quales cumano despectat in aequore ludos liber sulphurei cum per iuga consita gauri perque vaporiferi graditur vineta vesevi cum venus actiacis augusti laeta triumphis ludere lascivos fera proelia iussit amores .,"['qualis', 'cumanus', 'despecto', 'in', 'aequor', 'ludes', 'liber', 'sulphureus', 'cum', 'per', 'iuga', 'consiuuo', 'gausa', 'perque', 'vaporiferi', 'grado', 'vineta', 'vesevi', 'cum', 'venus', 'actiax', 'augustus', 'laetus', 'triumphum', 'ludeo', 'lascivos', 'ferus', 'proelium', 'iusum', 'amor', '.']"
Ausonius,Patristic,Mosella,"['qualia', 'niliacae', 'classes', 'latiaeque', 'triremes', 'subter', 'apollineae', 'gesserunt', 'leucados', 'arces', 'aut', 'pompeiani', 'mylasena', 'pericula', 'belli', 'euboicae', 'referunt', 'per', 'averna', 'sonantia', 'cumbae', 'innocuos', 'ratium', 'pulsus', 'pugnasque', 'iocantes', 'naumachiae', 'siculo', 'quales', 'spectante', 'peloro', 'caeruleus', 'viridi', 'reparat', 'sub', 'imagine', 'pontus', 'non', 'aliam', 'speciem', 'petulantibus', 'addit', 'ephebis', 'pubertasque', 'amnis', 'et', 'picti', 'rostra', 'phaseli', '.']",qualia niliacae classes latiaeque triremes subter apollineae gesserunt leucados arces aut pompeiani mylasena pericula belli euboicae referunt per averna sonantia cumbae innocuos ratium pulsus pugnasque iocantes naumachiae siculo quales spectante peloro caeruleus viridi reparat sub imagine pontus non aliam speciem petulantibus addit ephebis pubertasque amnis et picti rostra phaseli .,"['qualis', 'niliacus', 'class', 'latia', 'trirem', 'subter', 'apollineus', 'gero', 'leuco', 'arx', 'aut', 'pompeianus', 'mylasena', 'periculum', 'bellum', 'euboicus', 'refero', 'per', 'averna', 'sono', 'cumba', 'innocuus', 'ratium', 'pulgo', 'pugnasque', 'iocans', 'naumachia', 'siculus', 'qualis', 'specto', 'pelorus', 'caeruleus', 'viridi', 'reparo', 'sub', 'imago', 'pontus', 'non', 'alius', 'species', 'petulo', 'addo', 'ephebus', 'pubertasque', 'amnis', 'et', 'pingo', 'rostra', 'phaselus', '.']"
Ausonius,Patristic,Mosella,"['hos', 'hyperionio', 'cum', 'sol', 'perfuderit', 'aestu', 'reddit', 'nautales', 'vitreo', 'sub', 'gurgite', 'formas', 'et', 'redigit', 'pandas', 'inversi', 'corporis', 'umbras', '.']",hos hyperionio cum sol perfuderit aestu reddit nautales vitreo sub gurgite formas et redigit pandas inversi corporis umbras .,"['hic', 'hyperio', 'cum', 'sol', 'perfido', 'aestus', 'reddo', 'nautalis', 'vitreo', 'sub', 'gurgo', 'forma', 'et', 'redigo', 'pardo', 'inversi', 'corpus', 'umbra', '.']"
Ausonius,Patristic,Mosella,"['utque', 'agiles', 'motus', 'dextra', 'laevaque', 'frequentant', 'et', 'commutatis', 'alternant', 'pondera', 'remis', 'unda', 'refert', 'alios', 'simulacra', 'umentia', 'nautas', '.']",utque agiles motus dextra laevaque frequentant et commutatis alternant pondera remis unda refert alios simulacra umentia nautas .,"['utque', 'agilis', 'motus', 'dexter', 'laevaque', 'frequento', 'et', 'commuto', 'alterno', 'pondera', 'res', 'undus', 'refero', 'alius', 'simulacrum', 'umentia', 'nauta', '.']"
Ausonius,Patristic,Mosella,"['ipsa', 'suo', 'gaudet', 'simulamine', 'nautica', 'pubes', 'fallaces', 'fluvio', 'mirata', 'redire', 'figuras', '.']",ipsa suo gaudet simulamine nautica pubes fallaces fluvio mirata redire figuras .,"['ipse', 'suus', 'gaudeo', 'simulaminis', 'nauticus', 'pubes', 'fallax', 'fluvio', 'miro', 'redeo', 'figura', '.']"
Ausonius,Patristic,Mosella,"['sic', 'ubi', 'compositos', 'ostentatura', 'capillos', 'candentem', 'late', 'speculi', 'explorantis', 'honorem', 'cum', 'primum', 'carae', 'nutrix', 'admovit', 'alumnae', 'laeta', 'ignorato', 'fruitur', 'virguncula', 'ludo', 'germanaeque', 'putat', 'formam', 'spectare', 'puellae', 'oscula', 'fulgenti', 'dat', 'non', 'referenda', 'metallo', 'aut', 'fixas', 'praetemptat', 'acus', 'aut', 'frontis', 'ad', 'oram', 'vibratos', 'captat', 'digitis', 'extendere', 'crines', 'talis', 'ad', 'umbrarum', 'ludibria', 'nautica', 'pubes', 'ambiguis', 'fruitur', 'veri', 'falsique', 'figuris', '.']",sic ubi compositos ostentatura capillos candentem late speculi explorantis honorem cum primum carae nutrix admovit alumnae laeta ignorato fruitur virguncula ludo germanaeque putat formam spectare puellae oscula fulgenti dat non referenda metallo aut fixas praetemptat acus aut frontis ad oram vibratos captat digitis extendere crines talis ad umbrarum ludibria nautica pubes ambiguis fruitur veri falsique figuris .,"['sic', 'ubi', 'compono', 'ostento', 'capillus', 'candeo', 'lates', 'speculum', 'exploro', 'honor', 'cum', 'primus', 'cara', 'nutrix', 'admo', 'alumna', 'laetus', 'ignoro', 'fruor', 'virguncula', 'ludus', 'germanaequs', 'puto', 'forma', 'specto', 'puella', 'oscula', 'fulgeo', 'do', 'non', 'refero', 'metallum', 'aut', 'figo', 'praetempto', 'acus', 'aut', 'frons', 'ad', 'ora', 'vibratos', 'capto', 'digitus', 'extendo', 'crinum', 'talis', 'ad', 'umbra', 'ludibria', 'nauticus', 'pubes', 'ambiguis', 'fruor', 'veri', 'falsus', 'figura', '.']"
Ausonius,Patristic,Mosella,"['iam', 'vero', 'accessus', 'faciles', 'qua', 'ripa', 'ministrat', 'scrutatur', 'toto', 'populatrix', 'turba', 'profundo', 'heu', 'male', 'defensos', 'penetrali', 'flumine', 'pisces', 'hic', 'medio', 'procul', 'amne', 'trahens', 'umentia', 'lina', 'nodosis', 'decepta', 'plagis', 'examina', 'verrit', 'ast', 'hic', 'tranquillo', 'qua', 'labitur', 'agmine', 'flumen', 'ducit', 'corticeis', 'fluitantia', 'retia', 'signis', 'ille', 'autem', 'scopulis', 'deiectas', 'pronus', 'in', 'undas', 'inclinat', 'lentae', 'convexa', 'cacumina', 'virgae', 'inductos', 'escis', 'iaciens', 'letalibus', 'hamos', '.']",iam vero accessus faciles qua ripa ministrat scrutatur toto populatrix turba profundo heu male defensos penetrali flumine pisces hic medio procul amne trahens umentia lina nodosis decepta plagis examina verrit ast hic tranquillo qua labitur agmine flumen ducit corticeis fluitantia retia signis ille autem scopulis deiectas pronus in undas inclinat lentae convexa cacumina virgae inductos escis iaciens letalibus hamos .,"['iam', 'vero', 'accessus', 'facilis', 'qui', 'ripa', 'ministro', 'scrutor', 'totus', 'populatrix', 'turba', 'profundo', 'heu', 'male', 'defingo', 'penetralis', 'flumen', 'pisces', 'hic', 'medius', 'procul', 'amnis', 'traho', 'umentia', 'linus', 'nodosus', 'decipio', 'plagus', 'examina', 'verrit', 'ast', 'hic', 'tranquillus', 'qui', 'labor', 'agmo', 'flumen', 'duco', 'corticeus', 'fluito', 'retia', 'signum', 'ille', 'autem', 'scopulum', 'deico', 'pronus', 'in', 'undus', 'inclino', 'lenta', 'convexa', 'cacumina', 'virgae', 'induco', 'escis', 'iacio', 'letalis', 'hamo', '.']"
Ausonius,Patristic,Mosella,"['quos', 'ignara', 'doli', 'postquam', 'vaga', 'turba', 'natantum', 'rictibus', 'invasit', 'patulaeque', 'per', 'intima', 'fauces', 'sera', 'occultati', 'senserunt', 'vulnera', 'ferri', 'dum', 'trepidant', 'subit', 'indicium', 'crispoque', 'tremori', 'vibrantis', 'saetae', 'nutans', 'consentit', 'harundo', 'nec', 'mora', 'et', 'excussam', 'stridenti', 'verbere', 'praedam', 'dexter', 'in', 'obliquum', 'raptat', 'puer', 'excipit', 'ictum', 'spiritus', 'ut', 'raptis', 'quondam', 'per', 'inane', 'flagellis', 'aura', 'crepat', 'motoque', 'adsibilat', 'aere', 'ventus', '.']",quos ignara doli postquam vaga turba natantum rictibus invasit patulaeque per intima fauces sera occultati senserunt vulnera ferri dum trepidant subit indicium crispoque tremori vibrantis saetae nutans consentit harundo nec mora et excussam stridenti verbere praedam dexter in obliquum raptat puer excipit ictum spiritus ut raptis quondam per inane flagellis aura crepat motoque adsibilat aere ventus .,"['qui', 'ignarus', 'dolum', 'postquam', 'vaga', 'turba', 'nator', 'rictus', 'invasit', 'patulaequus', 'per', 'intimus', 'faux', 'sera', 'occulto', 'sentio', 'vulnera', 'fero', 'dum', 'trepido', 'subeo', 'indicium', 'crispoque', 'tremor', 'vibrantis', 'saeta', 'nutor', 'consentio', 'harundo', 'nec', 'mora', 'et', 'excutio', 'strido', 'verbere', 'praeda', 'dexter', 'in', 'obliquus', 'rapto', 'puer', 'excipio', 'ictus', 'spiritus', 'ut', 'rahio', 'quidam', 'per', 'inanis', 'flagellus', 'aura', 'crepo', 'moueo', 'adsibulo', 'aer', 'ventus', '.']"
Ausonius,Patristic,Mosella,"['exultant', 'udae', 'super', 'arida', 'saxa', 'rapinae', 'luciferique', 'pavent', 'letalia', 'tela', 'diei', '.']",exultant udae super arida saxa rapinae luciferique pavent letalia tela diei .,"['exsulto', 'udam', 'super', 'aridus', 'sax', 'rapina', 'luciferique', 'pavent', 'letalis', 'tela', 'dies', '.']"
Ausonius,Patristic,Mosella,"['cuique', 'sub', 'amne', 'suo', 'mansit', 'vigor', 'aere', 'nostro', 'segnis', 'anhelatis', 'vitam', 'consumit', 'in', 'auris', '.']",cuique sub amne suo mansit vigor aere nostro segnis anhelatis vitam consumit in auris .,"['quisque', 'sub', 'amnis', 'suus', 'maneo', 'vigor', 'aer', 'noster', 'segnum', 'anheo', 'vitam', 'consumo', 'in', 'auris', '.']"
Ausonius,Patristic,Mosella,"['iam', 'piger', 'invalido', 'vibratur', 'corpore', 'plausus', 'torpida', 'supremos', 'patitur', 'iam', 'cauda', 'tremores', 'nec', 'coeunt', 'rictus', 'haustas', 'sed', 'hiatibus', 'auras', '.']",iam piger invalido vibratur corpore plausus torpida supremos patitur iam cauda tremores nec coeunt rictus haustas sed hiatibus auras .,"['iam', 'piger', 'in', 'valido', 'vibratur', 'corpus', 'plausus', 'torpidus', 'superior', 'patior', 'iam', 'cauda', 'tremor', 'nec', 'coeo', 'rictus', 'haustas', 'sed', 'hia', 'auras', '.']"
Ausonius,Patristic,Mosella,"['reddit', 'mortiferos', 'expirans', 'branchia', 'flatus', '.']",reddit mortiferos expirans branchia flatus .,"['reddo', 'mortifer', 'expiro', 'branchia', 'flatus', '.']"
Ausonius,Patristic,Mosella,"['sic', 'ubi', 'fabriles', 'exercet', 'spiritus', 'ignes', 'accipit', 'alterno', 'cohibetque', 'foramine', 'ventos', 'lanea', 'fagineis', 'adludens', 'parma', 'cavernis', '.']",sic ubi fabriles exercet spiritus ignes accipit alterno cohibetque foramine ventos lanea fagineis adludens parma cavernis .,"['sic', 'ubi', 'fabrilis', 'exerceo', 'spiritus', 'ignis', 'accipio', 'alternus', 'cohibeo', 'foramen', 'ventos', 'lanea', 'fagineus', 'adludo', 'parma', 'cavernis', '.']"
Ausonius,Patristic,Mosella,"['vidi', 'egomet', 'quosdam', 'leti', 'sub', 'fine', 'trementes', 'collegisse', 'animas', 'mox', 'in', 'sublime', 'citatos', 'cernua', 'subiectum', 'praeceps', 'dare', 'corpora', 'in', 'amnem', 'desperatarum', 'potientes', 'rursus', 'aquarum', '.']",vidi egomet quosdam leti sub fine trementes collegisse animas mox in sublime citatos cernua subiectum praeceps dare corpora in amnem desperatarum potientes rursus aquarum .,"['vidi', 'egomo', 'quidam', 'letus', 'sub', 'finis', 'tremens', 'collego', 'anima', 'mox', 'in', 'sublimis', 'cito', 'cernuus', 'subiectum', 'praeceps', 'do', 'corpus', 'in', 'amnis', 'despero', 'potior', 'rursus', 'aqua', '.']"
Ausonius,Patristic,Mosella,"['quos', 'impos', 'damni', 'puer', 'inconsultus', 'ab', 'alto', 'impetit', 'et', 'stolido', 'captat', 'prensare', 'natatu', '.']",quos impos damni puer inconsultus ab alto impetit et stolido captat prensare natatu .,"['qui', 'impe', 'damnum', 'puer', 'inconsultus', 'ab', 'altus', 'impeto', 'et', 'stolidus', 'capto', 'prenseo', 'nator', '.']"
Ausonius,Patristic,Mosella,"['sic', 'anthedonius', 'boeotia', 'per', 'freta', 'glaucus', 'gramina', 'gustatu', 'postquam', 'exitialia', 'circes', 'expertus', 'carptas', 'moribundis', 'piscibus', 'herbas', 'sumpsit', 'carpathium', 'subiit', 'novus', 'accola', 'pontum', '.']",sic anthedonius boeotia per freta glaucus gramina gustatu postquam exitialia circes expertus carptas moribundis piscibus herbas sumpsit carpathium subiit novus accola pontum .,"['sic', 'anthedonius', 'boeotia', 'per', 'fretus', 'glaucus', 'graminus', 'gusto', 'postquam', 'exitialis', 'cirx', 'experior', 'caro', 'moribundus', 'piscis', 'herba', 'sumo', 'carpathium', 'subeo', 'novus', 'accola', 'pontus', '.']"
Ausonius,Patristic,Mosella,"['ille', 'hamis', 'et', 'rete', 'potens', 'scrutator', 'operti', 'nereos', 'aequoream', 'solitus', 'converrere', 'tethyn', 'inter', 'captivas', 'fluitavit', 'praedo', 'catervas', '.']",ille hamis et rete potens scrutator operti nereos aequoream solitus converrere tethyn inter captivas fluitavit praedo catervas .,"['ille', 'hamo', 'et', 'res', 'possum', 'scrutator', 'opus', 'nereus', 'aequorei', 'soleo', 'converrere', 'tethyn', 'inter', 'captivas', 'fluito', 'praedus', 'catervas', '.']"
Ausonius,Patristic,Mosella,"['talia', 'despectant', 'longo', 'per', 'caerula', 'tractu', 'pendentes', 'saxis', 'instanti', 'culmine', 'villae', 'quas', 'medius', 'dirimit', 'sinuosis', 'flexibus', 'errans', 'amnis', 'et', 'alternas', 'comunt', 'praetoria', 'ripas', '.']",talia despectant longo per caerula tractu pendentes saxis instanti culmine villae quas medius dirimit sinuosis flexibus errans amnis et alternas comunt praetoria ripas .,"['talis', 'despecto', 'longus', 'per', 'caerulum', 'tractus', 'pendeo', 'saxis', 'instans', 'culmen', 'villae', 'qui', 'medius', 'dirimo', 'sinuosus', 'flex', 'erro', 'amnis', 'et', 'alternus', 'como', 'praetorium', 'ripa', '.']"
Ausonius,Patristic,Mosella,"['quis', 'modo', 'sestiacum', 'pelagus', 'nepheleidos', 'helles', 'aequor', 'abydeni', 'freta', 'quis', 'miretur', 'ephebi', '?']",quis modo sestiacum pelagus nepheleidos helles aequor abydeni freta quis miretur ephebi ?,"['quis', 'modus', 'sestiacus', 'pelagus', 'nepheleis', 'helles', 'aequor', 'abydeni', 'fretus', 'quis', 'miror', 'ephebus', '?']"
Ausonius,Patristic,Mosella,"['quis', 'chalcedonio', 'constratum', 'ab', 'litore', 'pontum', 'regis', 'opus', 'magni', 'mediis', 'euripus', 'ubi', 'undis', 'europaeque', 'asiaeque', 'vetat', 'concurrere', 'terras', '?']",quis chalcedonio constratum ab litore pontum regis opus magni mediis euripus ubi undis europaeque asiaeque vetat concurrere terras ?,"['quis', 'chalcedonium', 'constro', 'ab', 'litor', 'pontus', 'rex', 'opus', 'magnus', 'medius', 'euripus', 'ubi', 'uns', 'europaeque', 'asiaequus', 'vetat', 'concurro', 'terra', '?']"
Ausonius,Patristic,Mosella,"['non', 'hic', 'dira', 'freti', 'rabies', 'non', 'saeva', 'furentum', 'proelia', 'caurorum', 'licet', 'hic', 'commercia', 'linguae', 'iungere', 'et', 'alterno', 'sermonem', 'texere', 'pulsu', 'blanda', 'salutiferas', 'permiscent', 'litora', 'voces', 'et', 'voces', 'et', 'paene', 'manus', 'resonantia', 'utrimque', 'verba', 'refert', 'concurrens', 'fluctibus', 'echo', '.']",non hic dira freti rabies non saeva furentum proelia caurorum licet hic commercia linguae iungere et alterno sermonem texere pulsu blanda salutiferas permiscent litora voces et voces et paene manus resonantia utrimque verba refert concurrens fluctibus echo .,"['non', 'hic', 'dirus', 'fretus', 'rabies', 'non', 'saeva', 'suro', 'proelium', 'cauri', 'licet', 'hic', 'commercia', 'lingua', 'iungo', 'et', 'alternus', 'sermo', 'texeo', 'pulsus', 'blandus', 'salutiferus', 'permisceo', 'litor', 'voces', 'et', 'voces', 'et', 'paes', 'manus', 'resono', 'utrimque', 'verba', 'refero', 'concurro', 'fluctus', 'echus', '.']"
Ausonius,Patristic,Mosella,"['quis', 'potis', 'innumeros', 'cultusque', 'habitusque', 'retexens', 'pandere', 'tectonicas', 'per', 'singula', 'praedia', 'formas', '?']",quis potis innumeros cultusque habitusque retexens pandere tectonicas per singula praedia formas ?,"['quis', 'possum', 'innumer', 'cultusque', 'habitusque', 'retexeo', 'pando', 'tectonicus', 'per', 'singulus', 'praedium', 'forma', '?']"
Ausonius,Patristic,Mosella,"['non', 'hoc', 'spernat', 'opus', 'gortynius', 'aliger', 'aedis', 'conditor', 'euboicae', 'casus', 'quem', 'fingere', 'in', 'auro', 'conantem', 'icarios', 'patrii', 'pepulere', 'dolores', 'non', 'philo', 'cecropius', 'non', 'qui', 'laudatus', 'ab', 'hoste', 'clara', 'syracosii', 'traxit', 'certamina', 'belli', 'forsan', 'et', 'insignes', 'hominumque', 'operumque', 'labores', 'hic', 'habuit', 'decimo', 'celebrata', 'volumine', 'marcei', 'hebdomas', 'hic', 'clari', 'viguere', 'menecratis', 'artes', 'atque', 'ephesi', 'spectata', 'manus', 'vel', 'in', 'arce', 'minervae', 'ictinus', 'magico', 'cui', 'noctua', 'perlita', 'fuco', 'adlicit', 'omne', 'genus', 'volucres', 'perimitque', 'tuendo', '.']",non hoc spernat opus gortynius aliger aedis conditor euboicae casus quem fingere in auro conantem icarios patrii pepulere dolores non philo cecropius non qui laudatus ab hoste clara syracosii traxit certamina belli forsan et insignes hominumque operumque labores hic habuit decimo celebrata volumine marcei hebdomas hic clari viguere menecratis artes atque ephesi spectata manus vel in arce minervae ictinus magico cui noctua perlita fuco adlicit omne genus volucres perimitque tuendo .,"['non', 'hic', 'sperno', 'opus', 'gortynius', 'alio', 'aedes', 'conditor', 'euboicus', 'casus', 'qui', 'fingo', 'in', 'auro', 'cono', 'icarius', 'patrius', 'pepulo', 'dolor', 'non', 'philus', 'cecropius', 'non', 'qui', 'laudo', 'ab', 'hos', 'clarus', 'syracosius', 'traho', 'certamina', 'bellum', 'forsan', 'et', 'insign', 'hominus', 'operusque', 'labor', 'hic', 'habeo', 'decimo', 'celebro', 'volumine', 'marcei', 'hebdoma', 'hic', 'clarus', 'viguere', 'menecro', 'ars', 'atque', 'ephes', 'specto', 'manus', 'vel', 'in', 'arx', 'minervae', 'ictinus', 'magicus', 'qui', 'noctua', 'perlo', 'fucus', 'adlicio', 'omnis', 'genus', 'volucres', 'perimitque', 'tueo', '.']"
Ausonius,Patristic,Mosella,"['conditor', 'hic', 'forsan', 'fuerit', 'ptolomaidos', 'aulae', 'dinochares', 'quadrata', 'cui', 'in', 'fastigia', 'cono', 'surgit', 'ipsa', 'suas', 'consumit', 'pyramis', 'umbras', 'iussus', 'ob', 'incesti', 'qui', 'quondam', 'foedus', 'amoris', 'arsinoen', 'pharii', 'suspendit', 'in', 'aere', 'templi', '.']",conditor hic forsan fuerit ptolomaidos aulae dinochares quadrata cui in fastigia cono surgit ipsa suas consumit pyramis umbras iussus ob incesti qui quondam foedus amoris arsinoen pharii suspendit in aere templi .,"['conditor', 'hic', 'forsan', 'sum', 'ptolomaidus', 'aula', 'dinocharis', 'quadro', 'qui', 'in', 'fastigia', 'conus', 'surgo', 'ipse', 'suus', 'consumo', 'pyram', 'umbra', 'iussus', 'ob', 'incestus', 'qui', 'quondam', 'foedus', 'amor', 'arsinoen', 'pharius', 'suspendo', 'in', 'aer', 'templum', '.']"
Ausonius,Patristic,Mosella,"['spirat', 'enim', 'tecti', 'testudine', 'virus', 'achates', 'adflatamque', 'trahit', 'ferrato', 'crine', 'puellam', '.']",spirat enim tecti testudine virus achates adflatamque trahit ferrato crine puellam .,"['spiro', 'enim', 'tingo', 'testudo', 'virus', 'achatus', 'asffato', 'traho', 'ferro', 'crinus', 'puella', '.']"
Ausonius,Patristic,Mosella,"['hos', 'ergo', 'aut', 'horum', 'similes', 'est', 'credere', 'dignum', 'belgarum', 'in', 'terris', 'scaenas', 'posuisse', 'domorum', 'molitos', 'celsas', 'fluvii', 'decoramina', 'villas', '.']",hos ergo aut horum similes est credere dignum belgarum in terris scaenas posuisse domorum molitos celsas fluvii decoramina villas .,"['hic', 'ergo', 'aut', 'hic', 'similis', 'sum', 'credo', 'dignus', 'belga', 'in', 'terra', 'scaena', 'pono', 'domus', 'molior', 'celdo', 'fluvii', 'decoraminus', 'villas', '.']"
Ausonius,Patristic,Mosella,"['haec', 'est', 'natura', 'sublimis', 'in', 'aggere', 'saxi', 'haec', 'procurrentis', 'fundata', 'crepidine', 'ripae', 'haec', 'refugit', 'captumque', 'sinu', 'sibi', 'vindicat', 'amnem', '.']",haec est natura sublimis in aggere saxi haec procurrentis fundata crepidine ripae haec refugit captumque sinu sibi vindicat amnem .,"['hic', 'sum', 'natura', 'sublimis', 'in', 'aggo', 'sax', 'hic', 'procurro', 'fundo', 'crepiden', 'ripas', 'hic', 'refugio', 'captumio', 'sinus', 'se', 'vindicat', 'amnis', '.']"
Ausonius,Patristic,Mosella,"['illa', 'tenens', 'collem', 'qui', 'plurimus', 'imminet', 'amni', 'usurpat', 'faciles', 'per', 'culta', 'per', 'aspera', 'visus', 'utque', 'suis', 'fruitur', 'dives', 'speculatio', 'terris', 'quin', 'etiam', 'riguis', 'humili', 'pede', 'condita', 'pratis', 'compensat', 'celsi', 'bona', 'naturalia', 'montis', 'sublimique', 'minans', 'irrumpit', 'in', 'aethera', 'tecto', 'ostentans', 'altam', 'pharos', 'ut', 'memphitica', 'turrim', '.']",illa tenens collem qui plurimus imminet amni usurpat faciles per culta per aspera visus utque suis fruitur dives speculatio terris quin etiam riguis humili pede condita pratis compensat celsi bona naturalia montis sublimique minans irrumpit in aethera tecto ostentans altam pharos ut memphitica turrim .,"['ille', 'teneo', 'collis', 'qui', 'plurimus', 'immineo', 'amnus', 'usurpo', 'facilis', 'per', 'cufeo', 'per', 'asper', 'visus', 'utque', 'suus', 'fruor', 'dives', 'speculatio', 'terra', 'quin', 'etiam', 'rihua', 'humilis', 'pes', 'condo', 'pratus', 'compenso', 'celsus', 'bonum', 'naturalis', 'mons', 'sublimique', 'mino', 'irroppo', 'in', 'aethera', 'tego', 'ostento', 'altus', 'phara', 'ut', 'memphiticus', 'turris', '.']"
Ausonius,Patristic,Mosella,"['huic', 'proprium', 'clausos', 'consaepto', 'gurgite', 'pisces', 'apricas', 'scopulorum', 'inter', 'captare', 'novales', '.']",huic proprium clausos consaepto gurgite pisces apricas scopulorum inter captare novales .,"['hic', 'proprius', 'claudo', 'consaepco', 'gurgo', 'pisces', 'apricus', 'scopulum', 'inter', 'capto', 'novales', '.']"
Ausonius,Patristic,Mosella,"['haec', 'summis', 'innixa', 'iugis', 'labentia', 'subter', 'flumina', 'despectu', 'iam', 'caligante', 'tuetur', 'atria', 'quid', 'memorem', 'viridantibus', 'adsita', 'pratis', '?']",haec summis innixa iugis labentia subter flumina despectu iam caligante tuetur atria quid memorem viridantibus adsita pratis ?,"['hic', 'summus', 'innigo', 'iux', 'labeo', 'subter', 'flumen', 'despectus', 'iam', 'caligo', 'tueo', 'atria', 'quis', 'memor', 'viridantibus', 'adsum', 'pratus', '?']"
Ausonius,Patristic,Mosella,"['innumerisque', 'super', 'nitentia', 'tecta', 'columnis', '?']",innumerisque super nitentia tecta columnis ?,"['innumer', 'super', 'nitentia', 'tego', 'columna', '?']"
Ausonius,Patristic,Mosella,"['quid', 'quae', 'fluminea', 'substructa', 'crepidine', 'fumant', 'balnea', 'ferventi', 'cum', 'mulciber', 'haustus', 'operto', 'volvit', 'anhelatas', 'tectoria', 'per', 'cava', 'flammas', 'inclusum', 'glomerans', 'aestu', 'spirante', 'vaporem', '?']",quid quae fluminea substructa crepidine fumant balnea ferventi cum mulciber haustus operto volvit anhelatas tectoria per cava flammas inclusum glomerans aestu spirante vaporem ?,"['quis', 'qui', 'flumeneum', 'substruo', 'crepiden', 'fumor', 'balnea', 'ferventi', 'cum', 'mulciber', 'haustus', 'operio', 'volvit', 'anhelo', 'tectorius', 'per', 'cava', 'flamma', 'includo', 'glomero', 'aestus', 'spiro', 'vaporem', '?']"
Ausonius,Patristic,Mosella,"['vidi', 'ego', 'defessos', 'multo', 'sudore', 'lavacri', 'fastidisse', 'lacus', 'et', 'frigora', 'piscinarum', 'ut', 'vivis', 'fruerentur', 'aquis', 'mox', 'amne', 'refotos', 'plaudenti', 'gelidum', 'flumen', 'pepulisse', 'natatu', '.']",vidi ego defessos multo sudore lavacri fastidisse lacus et frigora piscinarum ut vivis fruerentur aquis mox amne refotos plaudenti gelidum flumen pepulisse natatu .,"['vidi', 'ego', 'defitto', 'multo', 'sudor', 'lavacri', 'fastio', 'lacus', 'et', 'frigus', 'piscinus', 'ut', 'vivis', 'fruor', 'aquis', 'mox', 'amnis', 'refero', 'plaudo', 'gelidus', 'flumen', 'pepulo', 'nator', '.']"
Ausonius,Patristic,Mosella,"['quod', 'si', 'cumanis', 'huc', 'adforet', 'hospes', 'ab', 'oris', 'crederet', 'euboicas', 'simulacra', 'exilia', 'baias', 'his', 'donasse', 'locis', 'tantus', 'cultusque', 'nitorque', 'adlicit', 'et', 'nullum', 'parit', 'oblectatio', 'luxum', 'sed', 'mihi', 'qui', 'tandem', 'finis', 'tua', 'glauca', 'fluenta', 'dicere', 'dignandumque', 'mari', 'memorare', 'mosellam', 'innumeri', 'quod', 'te', 'diversa', 'per', 'ostia', 'late', 'incurrunt', 'amnes', '?']",quod si cumanis huc adforet hospes ab oris crederet euboicas simulacra exilia baias his donasse locis tantus cultusque nitorque adlicit et nullum parit oblectatio luxum sed mihi qui tandem finis tua glauca fluenta dicere dignandumque mari memorare mosellam innumeri quod te diversa per ostia late incurrunt amnes ?,"['quod', 'si', 'cumanus', 'huc', 'adforeo', 'hospes', 'ab', 'oris', 'credo', 'euboicus', 'simulacrum', 'exilis', 'baias', 'hic', 'donosco', 'locus', 'tantus', 'cultusque', 'nitum', 'adlicio', 'et', 'nullus', 'pario', 'oblectatio', 'luxus', 'sed', 'ego', 'qui', 'tandem', 'finis', 'tuus', 'glauca', 'fluentum', 'dico', 'dignandumo', 'mare', 'memoro', 'mosella', 'innumer', 'quod', 'tu', 'diversa', 'per', 'ostia', 'latus', 'incurro', 'amnis', '?']"
Ausonius,Patristic,Mosella,"['quamquam', 'differre', 'meatus', 'possent', 'sed', 'celerant', 'in', 'te', 'consumere', 'nomen', 'namque', 'et', 'promeae', 'nemesaeque', 'adiuta', 'meatu', 'sura', 'tuas', 'properat', 'non', 'degener', 'ire', 'sub', 'undas', 'sura', 'interceptis', 'tibi', 'gratificata', 'fluentis', 'nobilius', 'permixta', 'tuo', 'sub', 'nomine', 'quam', 'si', 'ignoranda', 'patri', 'contenderet', 'ostia', 'ponto', 'te', 'rapidus', 'celbis', 'te', 'marmore', 'clarus', 'erubris', 'festinant', 'famulis', 'quam', 'primum', 'adlambere', 'lymphis', 'nobilibus', 'celbis', 'celebratus', 'piscibus', 'ille', 'praecipiti', 'torquens', 'cerealia', 'saxa', 'rotatu', 'stridentesque', 'trahens', 'per', 'levia', 'marmora', 'serras', 'audit', 'perpetuos', 'ripa', 'ex', 'utraque', 'tumultus', 'praetereo', 'exilem', 'lesuram', 'tenuemque', 'drahonum', 'nec', 'fastiditos', 'salmonae', 'usurpo', 'fluores', 'naviger', 'undisona', 'dudum', 'me', 'mole', 'saravus', 'tota', 'veste', 'vocat', 'longum', 'qui', 'distulit', 'amnem', 'fessa', 'sub', 'augustis', 'ut', 'volveret', 'ostia', 'muris', '.']",quamquam differre meatus possent sed celerant in te consumere nomen namque et promeae nemesaeque adiuta meatu sura tuas properat non degener ire sub undas sura interceptis tibi gratificata fluentis nobilius permixta tuo sub nomine quam si ignoranda patri contenderet ostia ponto te rapidus celbis te marmore clarus erubris festinant famulis quam primum adlambere lymphis nobilibus celbis celebratus piscibus ille praecipiti torquens cerealia saxa rotatu stridentesque trahens per levia marmora serras audit perpetuos ripa ex utraque tumultus praetereo exilem lesuram tenuemque drahonum nec fastiditos salmonae usurpo fluores naviger undisona dudum me mole saravus tota veste vocat longum qui distulit amnem fessa sub augustis ut volveret ostia muris .,"['quamquam', 'differo', 'meatus', 'possum', 'sed', 'celero', 'in', 'tu', 'consumo', 'nomen', 'nam', 'et', 'promea', 'nemesa', 'adiuuo', 'meatus', 'sura', 'tuus', 'propero', 'non', 'dego', 'eo', 'sub', 'undus', 'surus', 'intercipio', 'tu', 'gratifico', 'fluo', 'nobilis', 'permisceo', 'tuus', 'sub', 'nomen', 'quam', 'si', 'ignoro', 'pater', 'contendo', 'ostia', 'ponto', 'tu', 'rapidus', 'celba', 'tu', 'marmor', 'clarus', 'erubra', 'festino', 'famula', 'quam', 'primus', 'adlambo', 'lymphus', 'nobilis', 'celba', 'celebro', 'piscis', 'ille', 'praecipio', 'torqueo', 'cerealis', 'sax', 'roto', 'strido', 'traho', 'per', 'levia', 'marnus', 'serra', 'audio', 'perpetuus', 'ripa', 'ex', 'uterque', 'tumultus', 'praetereo', 'exilis', 'lesurus', 'tenuemque', 'draho', 'nec', 'fastido', 'salmo', 'usurgo', 'fluor', 'naviger', 'undisona', 'dudum', 'ego', 'mole', 'saravus', 'totus', 'veste', 'vocat', 'longus', 'qui', 'ditfero', 'amnis', 'fessus', 'sub', 'augustus', 'ut', 'volveret', 'ostia', 'mus', '.']"
Ausonius,Patristic,Mosella,"['nec', 'minor', 'hoc', 'tacitum', 'qui', 'per', 'sola', 'pinguia', 'labens', 'stringit', 'frugiferas', 'felix', 'alisontia', 'ripas', '.']",nec minor hoc tacitum qui per sola pinguia labens stringit frugiferas felix alisontia ripas .,"['nec', 'paruus', 'hic', 'taceo', 'qui', 'per', 'solus', 'pinguia', 'labeo', 'stringo', 'frugifer', 'felix', 'alisontia', 'ripa', '.']"
Ausonius,Patristic,Mosella,"['mille', 'alii', 'prout', 'quemque', 'suus', 'magis', 'impetus', 'urget', 'esse', 'tui', 'cupiunt', 'tantus', 'properantibus', 'undis', 'ambitus', 'aut', 'mores', 'quod', 'si', 'tibi', 'dia', 'mosella', 'smyrna', 'suum', 'vatem', 'vel', 'mantua', 'clara', 'dedisset', 'cederet', 'iliacis', 'simois', 'memoratus', 'in', 'oris', 'nec', 'praeferre', 'suos', 'auderet', 'thybris', 'honores', '.']",mille alii prout quemque suus magis impetus urget esse tui cupiunt tantus properantibus undis ambitus aut mores quod si tibi dia mosella smyrna suum vatem vel mantua clara dedisset cederet iliacis simois memoratus in oris nec praeferre suos auderet thybris honores .,"['mille', 'alius', 'prout', 'quisque', 'suus', 'magis', 'impetus', 'urgeo', 'esse', 'tuus', 'cupio', 'tantus', 'propero', 'uns', 'ambitus', 'aut', 'mos', 'quod', 'si', 'tu', 'dia', 'mosella', 'smyrnum', 'suus', 'vatem', 'vel', 'mantua', 'clarus', 'do', 'cedo', 'iliaca', 'simous', 'memoro', 'in', 'oris', 'nec', 'praefero', 'suus', 'audeo', 'thybrus', 'honor', '.']"
Ausonius,Patristic,Mosella,"['da', 'veniam', 'da', 'roma', 'potens', '!']",da veniam da roma potens !,"['do', 'veniam', 'do', 'roma', 'possum', '!']"
Ausonius,Patristic,Mosella,"['pulsa', 'oro', 'facessat', 'invidia', 'et', 'latiae', 'nemesis', 'non', 'cognita', 'linguae', 'contigit', 'haec', 'melior', 'thybris', 'tibi', 'gloria', 'quod', 'tu', '1', 'imperii', 'sedem', 'romaeque', 'tuere', 'penates.2', 'salve', 'magne', 'parens', 'frugumque', 'virumque', 'mosella', '!']",pulsa oro facessat invidia et latiae nemesis non cognita linguae contigit haec melior thybris tibi gloria quod tu 1 imperii sedem romaeque tuere penates.2 salve magne parens frugumque virumque mosella !,"['pulgo', 'oro', 'faceo', 'invidia', 'et', 'latia', 'nemesis', 'non', 'cognosco', 'lingua', 'contingo', 'hic', 'bonus', 'thybrus', 'tu', 'gloria', 'qui', 'tu', '1', 'imperium', 'sedes', 'romaeque', 'tuer', 'penates.', '2', 'saleo', 'mago', 'parens', 'frugumque', 'iir', 'mosella', '!']"
Ausonius,Patristic,Mosella,"['te', 'clari', 'proceres', 'te', 'bello', 'exercita', 'pubes', 'aemula', 'te', 'latiae', 'decorat', 'facundia', 'linguae', 'quin', 'etiam', 'mores', 'et', 'laetum', 'fronte', 'serena', 'ingenium', 'natura', 'tuis', 'concessit', 'alumnis', '.']",te clari proceres te bello exercita pubes aemula te latiae decorat facundia linguae quin etiam mores et laetum fronte serena ingenium natura tuis concessit alumnis .,"['tu', 'clarus', 'proceres', 'tu', 'bellum', 'exerceo', 'pubes', 'aemulus', 'tu', 'latia', 'decoro', 'facundia', 'lingua', 'quin', 'etiam', 'mos', 'et', 'laeo', 'frons', 'serenus', 'ingenium', 'natura', 'tuus', 'concedo', 'alumna', '.']"
Ausonius,Patristic,Mosella,"['nec', 'sola', 'antiquos', 'ostentat', 'roma', 'catones', 'aut', 'unus', 'tantum', 'iusti', 'spectator', 'et', 'aequi', 'pollet', 'aristides', 'veteresque', 'inlustrat', 'athenas', '.']",nec sola antiquos ostentat roma catones aut unus tantum iusti spectator et aequi pollet aristides veteresque inlustrat athenas .,"['nec', 'solus', 'antiquus', 'ostento', 'roma', 'caton', 'aut', 'unus', 'tantum', 'iustus', 'spectator', 'et', 'aequus', 'pollo', 'aristides', 'veteresque', 'inlustro', 'athenus', '.']"
Ausonius,Patristic,Mosella,"['verum', 'ego', 'quid', 'laxis', 'nimium', 'spatiatus', 'habenis', 'victus', 'amore', 'tui', 'praeconia', 'detero', '?']",verum ego quid laxis nimium spatiatus habenis victus amore tui praeconia detero ?,"['verum', 'ego', 'quis', 'laxis', 'nimius', 'spatio', 'habenus', 'victus', 'amor', 'tuus', 'praeconium', 'deter', '?']"
Ausonius,Patristic,Mosella,"['conde', 'musa', 'chelyn', 'pulsis', 'extremo', 'carmine', 'netis', '.']",conde musa chelyn pulsis extremo carmine netis .,"['condo', 'musus', 'chelyn', 'puldeo', 'exterior', 'carmes', 'neo', '.']"
Ausonius,Patristic,Mosella,"['tempus', 'erit', 'cum', 'me', 'studiis', 'ignobilis', 'oti', 'mulcentem', 'curas', 'seniique', 'aprica', 'foventem', 'materiae', 'commendet', 'honos', 'cum', 'facta', 'viritim', 'belgarum', 'patriosque', 'canam', 'decora', 'inclita', 'mores', 'mollia', 'subtili', 'nebunt', 'mihi', 'carmina', 'filo', 'pierides', 'tenuique', 'aptas', 'subtemine', 'telas', 'percurrent', 'dabitur', 'nostris', 'quoque', 'purpura', 'fusis', 'quis', 'mihi', 'tum', 'non', 'dictus', 'erit', '?']",tempus erit cum me studiis ignobilis oti mulcentem curas seniique aprica foventem materiae commendet honos cum facta viritim belgarum patriosque canam decora inclita mores mollia subtili nebunt mihi carmina filo pierides tenuique aptas subtemine telas percurrent dabitur nostris quoque purpura fusis quis mihi tum non dictus erit ?,"['tempus', 'sum', 'cum', 'ego', 'studium', 'ignobilis', 'os', 'mulceo', 'cura', 'seniique', 'apricus', 'foventem', 'materia', 'commendo', 'honus', 'cum', 'facio', 'viritim', 'belga', 'patriosque', 'cano', 'decor', 'inclio', 'mos', 'mollis', 'subtilis', 'nebo', 'ego', 'carmen', 'filius', 'paero', 'tenuique', 'aptus', 'subtemen', 'tela', 'percurro', 'do', 'noster', 'quoque', 'purpura', 'sum', 'quis', 'ego', 'tum', 'non', 'dico', 'sum', '?']"
Ausonius,Patristic,Mosella,"['memorabo', 'quietos', 'agricolas', 'legumque', 'catos', 'fandique', 'potentes', 'praesidium', 'sublime', 'reis', 'quos', 'curia', 'summos', 'municipum', 'vidit', 'proceres', 'propriumque', 'senatum', 'quos', 'praetextati', 'celebris', 'facundia', 'ludi', 'contulit', 'ad', 'veteris', 'praeconia', 'quintiliani', 'quique', 'suas', 'rexere', 'urbes', 'purumque', 'tribunal', 'sanguine', 'et', 'innocuas', 'inlustravere', 'secures', 'aut', 'italum', 'populos', 'aquilonigenasque', 'britannos', 'praefecturarum', 'titulo', 'tenuere', 'secundo', 'quique', 'caput', 'rerum', 'romam', 'populumque', 'patresque', 'tantum', 'non', 'primo', 'rexit', 'sub', 'nomine', 'quamvis', 'par', 'fuerit', 'primis', 'festinet', 'solvere', 'tandem', 'errorem', 'fortuna', 'suum', 'libataque', 'supplens', 'praemia', 'iam', 'veri', 'fastigia', 'reddat', 'honoris', 'nobilibus', 'repetenda', 'nepotibus', 'at', 'modo', 'coeptum', 'detexatur', 'opus', 'dilata', 'et', 'laude', 'virorum', 'dicamus', 'laeto', 'per', 'rura', 'virentia', 'tractu', 'felicem', 'fluvium', 'rhenique', 'sacremus', 'in', 'undas', '.']",memorabo quietos agricolas legumque catos fandique potentes praesidium sublime reis quos curia summos municipum vidit proceres propriumque senatum quos praetextati celebris facundia ludi contulit ad veteris praeconia quintiliani quique suas rexere urbes purumque tribunal sanguine et innocuas inlustravere secures aut italum populos aquilonigenasque britannos praefecturarum titulo tenuere secundo quique caput rerum romam populumque patresque tantum non primo rexit sub nomine quamvis par fuerit primis festinet solvere tandem errorem fortuna suum libataque supplens praemia iam veri fastigia reddat honoris nobilibus repetenda nepotibus at modo coeptum detexatur opus dilata et laude virorum dicamus laeto per rura virentia tractu felicem fluvium rhenique sacremus in undas .,"['memoro', 'quies', 'agricola', 'legumque', 'catos', 'fando', 'possum', 'praesidium', 'sublimis', 'res', 'qui', 'curia', 'summus', 'municipum', 'vidit', 'proceres', 'proprius', 'senatum', 'qui', 'praetexto', 'celebris', 'facundia', 'ludus', 'confero', 'ad', 'veteris', 'praeconium', 'quintilianus', 'quique', 'suus', 'rex', 'urbes', 'purumque', 'tribunal', 'sanguis', 'et', 'innocuus', 'inlustro', 'securis', 'aut', 'italum', 'populus', 'aquilonigenus', 'britannus', 'praefectura', 'titulus', 'tenuo', 'secundo', 'quique', 'caput', 'res', 'roma', 'populusque', 'patresque', 'tantum', 'non', 'primo', 'rego', 'sub', 'nomen', 'quamvis', 'par', 'sum', 'primus', 'fastineo', 'solvere', 'tandem', 'error', 'fortuna', 'suus', 'libato', 'suppleo', 'praemium', 'iam', 'veri', 'fastigia', 'reddo', 'honor', 'nobilis', 'repeto', 'nepos', 'at', 'modus', 'coepi', 'detex', 'opus', 'dilo', 'et', 'laus', 'virorum', 'dico', 'laeqor', 'per', 'rura', 'virentia', 'tractus', 'felix', 'fluvium', 'rhenique', 'sacero', 'in', 'undus', '.']"
Ausonius,Patristic,Mosella,"['caeruleos', 'nunc', 'rhene', 'sinus', 'hyaloque', 'virentem', 'pande', 'peplum', 'spatiumque', 'novi', 'metare', 'fluenti', 'fraternis', 'cumulandus', 'aquis', 'nec', 'praemia', 'in', 'undis', 'sola', 'sed', 'augustae', 'veniens', 'quod', 'moenibus', 'urbis', 'spectavit', 'iunctos', 'natique', 'patrisque', 'triumphos', 'hostibus', 'exactis', 'nicrum', 'super', 'et', 'lupodunum', 'et', 'fontem', 'latiis', 'ignotum', 'annalibus', 'histri', '.']",caeruleos nunc rhene sinus hyaloque virentem pande peplum spatiumque novi metare fluenti fraternis cumulandus aquis nec praemia in undis sola sed augustae veniens quod moenibus urbis spectavit iunctos natique patrisque triumphos hostibus exactis nicrum super et lupodunum et fontem latiis ignotum annalibus histri .,"['caeruleus', 'nunc', 'rhenum', 'sinus', 'hyaloque', 'virentem', 'pando', 'peplum', 'spatiumque', 'nos', 'meto', 'fluo', 'fraternus', 'cumulo', 'aquis', 'nec', 'praemium', 'in', 'uns', 'solus', 'sed', 'augusta', 'veniens', 'quod', 'moenis', 'urba', 'specto', 'iungo', 'natior', 'patrisque', 'triumphum', 'hostis', 'exaho', 'nicer', 'super', 'et', 'lupodunum', 'et', 'fons', 'latea', 'ignotus', 'annalis', 'histrum', '.']"
Ausonius,Patristic,Mosella,"['haec', 'profligati', 'venit', 'modo', 'laurea', 'belli', 'hinc', 'alias', 'aliasque', 'feret', 'vos', 'pergite', 'iuncti', 'et', 'mare', 'purpureum', 'gemino', 'propellite', 'tractu', 'neu', 'vereare', 'minor', 'pulcherrime', 'rhene', 'videri', 'invidiae', 'nihil', 'hospes', 'habet', 'potiere', 'perenni', 'nomine', 'tu', 'fratrem', 'famae', 'securus', 'adopta', '.']",haec profligati venit modo laurea belli hinc alias aliasque feret vos pergite iuncti et mare purpureum gemino propellite tractu neu vereare minor pulcherrime rhene videri invidiae nihil hospes habet potiere perenni nomine tu fratrem famae securus adopta .,"['hic', 'profligo', 'venit', 'modus', 'laurea', 'bellum', 'hinc', 'alius', 'aliusquisque', 'fero', 'vos', 'pergo', 'iungo', 'et', 'mare', 'purpureus', 'geminus', 'propello', 'tractus', 'neu', 'vereare', 'paruus', 'pulcherrime', 'rhene', 'videri', 'invidiae', 'nihil', 'hospes', 'habeo', 'possum', 'perennum', 'nomen', 'tu', 'frater', 'fama', 'securus', 'adopeo', '.']"
Ausonius,Patristic,Mosella,"['dives', 'aquis', 'dives', 'nymphis', 'largitor', 'utrique', 'alveus', 'extendet', 'geminis', 'divortia', 'ripis', 'communesque', 'vias', 'diversa', 'per', 'ostia', 'pandet', '.']",dives aquis dives nymphis largitor utrique alveus extendet geminis divortia ripis communesque vias diversa per ostia pandet .,"['dies', 'aquis', 'dies', 'nymphus', 'largitor', 'uterque', 'alveus', 'extendo', 'geminus', 'divortia', 'ripus', 'communis', 'vias', 'diversa', 'per', 'ostia', 'pando', '.']"
Ausonius,Patristic,Mosella,"['accedent', 'vires', 'quas', 'francia', 'quasque', 'chamaves', 'germanique', 'tremant', 'tunc', 'verus', 'habebere', 'limes', '.']",accedent vires quas francia quasque chamaves germanique tremant tunc verus habebere limes .,"['accedo', 'vires', 'qui', 'franc', 'quisque', 'chama', 'germanus', 'tremo', 'tunc', 'verus', 'habeo', 'limes', '.']"
Ausonius,Patristic,Mosella,"['a', 'ccedet', 'tanto', 'geminum', 'tibi', 'nomen', 'ab', 'amni', 'cumque', 'unus', 'de', 'fonte', 'fluas', 'dicere', 'bicornis', '.']",a ccedet tanto geminum tibi nomen ab amni cumque unus de fonte fluas dicere bicornis .,"['ab', 'ccedo', 'tanto', 'geminus', 'tu', 'nomen', 'ab', 'amnus', 'cumque', 'unus', 'de', 'fons', 'flua', 'dico', 'bicor', '.']"
Ausonius,Patristic,Mosella,"['haec', 'ego', 'vivisca', 'ducens', 'ab', 'origine', 'gentem', 'belgarum', 'hospitiis', 'non', 'per', 'nova', 'foedera', 'notus', 'ausonius', 'nomen', 'latium', 'patriaque', 'domoque', 'gallorum', 'extremos', 'inter', 'celsamque', 'pyrenen', 'temperat', 'ingenuos', 'qua', 'laeta', 'aquitanica', 'mores', 'audax', 'exigua', 'fide', 'concino', '.']",haec ego vivisca ducens ab origine gentem belgarum hospitiis non per nova foedera notus ausonius nomen latium patriaque domoque gallorum extremos inter celsamque pyrenen temperat ingenuos qua laeta aquitanica mores audax exigua fide concino .,"['hic', 'ego', 'vivisca', 'duco', 'ab', 'origo', 'gens', 'belga', 'hospitia', 'non', 'per', 'nova', 'foeder', 'nosco', 'ausonus', 'nomen', 'latis', 'patriaque', 'domusque', 'gallus', 'exterior', 'inter', 'celsamque', 'pyrenen', 'tempero', 'ingenuus', 'qui', 'laetus', 'aquitanicus', 'mos', 'audax', 'exiguus', 'fides', 'concino', '.']"
Ausonius,Patristic,Mosella,"['fas', 'mihi', 'sacrum', 'perstrinxisse', 'amnem', 'tenui', 'libamine', 'musae', '.']",fas mihi sacrum perstrinxisse amnem tenui libamine musae .,"['fas', 'ego', 'sacer', 'perstrio', 'amnis', 'tenuus', 'libamen', 'musa', '.']"
Ausonius,Patristic,Mosella,"['nec', 'laudem', 'adfecto', 'veniam', 'peto', '.']",nec laudem adfecto veniam peto .,"['nec', 'laus', 'adficio', 'veniam', 'peor', '.']"
Ausonius,Patristic,Mosella,"['sunt', 'tibi', 'multi', 'alme', 'amnis', 'sacros', 'qui', 'sollicitare', 'fluores', 'aomdum', 'totamque', 'solent', 'haurire', 'aganippen', '.']",sunt tibi multi alme amnis sacros qui sollicitare fluores aomdum totamque solent haurire aganippen .,"['sum', 'tu', 'multus', 'almus', 'amnis', 'sacer', 'qui', 'sollicito', 'fluor', 'aomdo', 'totamque', 'soleo', 'haurio', 'aganippen', '.']"
Ausonius,Patristic,Mosella,"['ast', 'ego', 'quanta', 'mei', 'dederit', 'se', 'vena', 'liquoris', 'burdigalam', 'cum', 'me', 'in', 'patriam', 'nidumque', 'senectae', 'augustus', 'pater', 'et', 'nati', 'mea', 'maxima', 'cura', 'fascibus', 'ausoniis', 'decoratum', 'et', 'honore', 'curuli', 'mittent', 'emeritae', 'post', 'munera', 'disciplinae', 'latius', 'arctoi', 'praeconia', 'persequar', 'amnis', 'addam', 'urbes', 'tacito', 'quas', 'subterlaberis', 'alveo', 'moeniaque', 'antiquis', 'te', 'prospectantia', 'muris', 'addam', 'praesidiis', 'dubiarum', 'condita', 'rerum', 'sed', 'modo', 'securis', 'non', 'castra', 'sed', 'horrea', 'belgis', 'addam', 'felices', 'ripa', 'ex', 'utraque', 'colonos', 'teque', 'inter', 'medios', 'hominumque', 'boumque', 'labores', 'stringentem', 'ripas', 'et', 'pinguia', 'culta', 'secantem', '.']",ast ego quanta mei dederit se vena liquoris burdigalam cum me in patriam nidumque senectae augustus pater et nati mea maxima cura fascibus ausoniis decoratum et honore curuli mittent emeritae post munera disciplinae latius arctoi praeconia persequar amnis addam urbes tacito quas subterlaberis alveo moeniaque antiquis te prospectantia muris addam praesidiis dubiarum condita rerum sed modo securis non castra sed horrea belgis addam felices ripa ex utraque colonos teque inter medios hominumque boumque labores stringentem ripas et pinguia culta secantem .,"['ast', 'ego', 'quantus', 'meus', 'do', 'se', 'vena', 'liquor', 'burdigalis', 'cum', 'ego', 'in', 'patrius', 'nidum', 'senectus', 'augustus', 'pater', 'et', 'nascor', 'meus', 'magnus', 'cura', 'fascus', 'ausonius', 'decoro', 'et', 'honor', 'curulus', 'mitto', 'emereor', 'post', 'munus', 'disciplina', 'latius', 'arctoum', 'praeconium', 'persequor', 'amnis', 'addo', 'urbes', 'taceo', 'qui', 'subterlo', 'alveo', 'moeniamuuum', 'antiquus', 'tu', 'prospicto', 'mus', 'addo', 'praesidium', 'dubia', 'condo', 'res', 'sed', 'modus', 'securis', 'non', 'castra', 'sed', 'horreum', 'belx', 'addo', 'felix', 'ripa', 'ex', 'uterque', 'colonus', 'tu', 'inter', 'medius', 'hominus', 'boumquus', 'labor', 'stringo', 'ripa', 'et', 'pinguia', 'cufeo', 'seco', '.']"
Ausonius,Patristic,Mosella,"['non', 'tibi', 'se', 'liger', 'anteferet', 'non', 'axona', 'praeceps', 'matrona', 'non', 'gallis', 'belgisque', 'intersita', 'finis', 'santonico', 'refluus', 'non', 'ipse', 'carantonus', 'aestu', 'concedes', 'gelido', 'durani', 'de', 'monte', 'volutus', 'amnis', 'et', 'auriferum', 'postponet', 'gallia', 'tamen', 'insanumque', 'ruens', 'per', 'saxa', 'rotantia', 'late', 'in', 'mare', 'purpureum', 'dominae', 'tamen', 'ante', 'mosellae', 'numine', 'adorato', 'tarbellicus', 'ibit', 'aturrus', '.']",non tibi se liger anteferet non axona praeceps matrona non gallis belgisque intersita finis santonico refluus non ipse carantonus aestu concedes gelido durani de monte volutus amnis et auriferum postponet gallia tamen insanumque ruens per saxa rotantia late in mare purpureum dominae tamen ante mosellae numine adorato tarbellicus ibit aturrus .,"['non', 'tu', 'se', 'liger', 'antefero', 'non', 'axona', 'praeceps', 'matrona', 'non', 'galla', 'belgus', 'intersum', 'finis', 'santonicus', 'refluus', 'non', 'ipse', 'carantonus', 'aestus', 'conces', 'gelidus', 'duro', 'de', 'mons', 'volutus', 'amnis', 'et', 'aurifer', 'postpono', 'gallia', 'tamen', 'insanusque', 'rueo', 'per', 'sax', 'roto', 'lates', 'in', 'mare', 'purpureus', 'dominus', 'tamen', 'ante', 'mosella', 'numen', 'adoro', 'tarbellicus', 'eo', 'aturrus', '.']"
Ausonius,Patristic,Mosella,"['corniger', 'externas', 'celebrande', 'mosella', 'per', 'oras', 'nec', 'solis', 'celebrande', 'locis', 'ubi', 'fonte', 'supremo', 'exeris', 'auratum', 'taurinae', 'frontis', 'honorem', 'quave', 'trahis', 'placidos', 'sinuosa', 'per', 'arva', 'meatus', 'vel', 'qua', 'germanis', 'sub', 'portibus', 'ostia', 'solvis', 'si', 'quis', 'honos', 'tenui', 'volet', 'adspirare', 'camenae', 'perdere', 'si', 'quis', 'in', 'his', 'dignabitur', 'otia', 'musis', 'ibis', 'in', 'ora', 'hominum', 'laetoque', 'fovebere', 'cantu', 'te', 'fontes', 'vivique', 'lacus', 'te', 'caerula', 'noscent', 'flumina', 'te', 'veteres', 'pagorum', 'gloria', 'luci', 'te', 'druna', 'te', 'sparsis', 'incerta', 'druentia', 'ripis', 'alpinique', 'colent', 'fluvii', 'duplicemque', 'per', 'urbem', 'qui', 'meat', 'et', 'dextrae', 'rhodanus', 'dat', 'nomina', 'ripae', 'te', 'stagnis', 'ego', 'caeruleis', 'magnumque', 'sonoris', 'amnibus', 'aequoreae', 'te', 'commendabo', 'garumnae', '.']",corniger externas celebrande mosella per oras nec solis celebrande locis ubi fonte supremo exeris auratum taurinae frontis honorem quave trahis placidos sinuosa per arva meatus vel qua germanis sub portibus ostia solvis si quis honos tenui volet adspirare camenae perdere si quis in his dignabitur otia musis ibis in ora hominum laetoque fovebere cantu te fontes vivique lacus te caerula noscent flumina te veteres pagorum gloria luci te druna te sparsis incerta druentia ripis alpinique colent fluvii duplicemque per urbem qui meat et dextrae rhodanus dat nomina ripae te stagnis ego caeruleis magnumque sonoris amnibus aequoreae te commendabo garumnae .,"['cornigo', 'externus', 'celebro', 'mosella', 'per', 'ora', 'nec', 'sol', 'celebro', 'locus', 'ubi', 'fons', 'superior', 'exeo', 'auro', 'taurinus', 'frons', 'honor', 'qui', 'traho', 'placidus', 'sinuosus', 'per', 'arva', 'meatus', 'vel', 'qui', 'germanus', 'sub', 'pors', 'ostia', 'solvis', 'si', 'quis', 'honus', 'tenuus', 'volet', 'adspiro', 'camena', 'perdeo', 'si', 'quis', 'in', 'hic', 'digno', 'otium', 'mus', 'eo', 'in', 'ora', 'homo', 'laetuqo', 'fovebere', 'canor', 'tu', 'fons', 'ego', 'lacus', 'tu', 'caerulum', 'nosco', 'flumen', 'tu', 'veteres', 'pago', 'gloria', 'lux', 'tu', 'druna', 'tu', 'spardo', 'incertus', 'druentio', 'ripus', 'alpinique', 'colo', 'fluvii', 'duplex', 'per', 'urbis', 'qui', 'meo', 'et', 'dexter', 'rhodanus', 'do', 'nomen', 'ripas', 'tu', 'stagnus', 'ego', 'caeruleus', 'magnus', 'sonor', 'amnis', 'aequorei', 'tu', 'commendo', 'garumna', '.']"
Ausonius,Patristic,Mosella,"['petis', 'a', 'me', 'litteras', 'longiores', 'est', 'hoc', 'in', 'nos', 'veri', 'amoris', 'indicium', 'sed', 'ego', 'qui', 'sim', 'paupertini', 'ingenii', 'mei', 'conscius', 'laconicae', 'malo', 'studere', 'brevitati', 'quam', 'multiiugis', 'paginis', 'infantiae', 'meae', 'maciem', 'publicare', '.']",petis a me litteras longiores est hoc in nos veri amoris indicium sed ego qui sim paupertini ingenii mei conscius laconicae malo studere brevitati quam multiiugis paginis infantiae meae maciem publicare .,"['peto', 'ab', 'ego', 'littera', 'longus', 'sum', 'hic', 'in', 'nos', 'veri', 'amor', 'indicium', 'sed', 'ego', 'qui', 'sum', 'paupertinus', 'ingenium', 'meus', 'conscius', 'laconicus', 'malum', 'studeo', 'brevitati', 'quam', 'multiiugus', 'pago', 'infantia', 'meus', 'mace', 'publico', '.']"
Ausonius,Patristic,Mosella,"['nec', 'mirum', 'si', 'eloquii', 'nostri', 'vena', 'tenuata', 'est', 'quam', 'dudum', 'neque', 'ullius', 'poematis', 'tui', 'neque', 'pedestrium', 'voluminum', 'lectione', 'iuvisti', '.']",nec mirum si eloquii nostri vena tenuata est quam dudum neque ullius poematis tui neque pedestrium voluminum lectione iuvisti .,"['nec', 'mirus', 'si', 'eloquius', 'noster', 'vena', 'temuo', 'sum', 'quam', 'dudum', 'neque', 'ullus', 'poematum', 'tuus', 'neque', 'pedestris', 'voluminum', 'lectio', 'iuvisti', '.']"
Ausonius,Patristic,Mosella,"['unde', 'igitur', 'sermonis', 'mei', 'largam', 'poscis', 'usuram', 'qui', 'nihil', 'litterati', 'faenoris', 'credidisti', '?']",unde igitur sermonis mei largam poscis usuram qui nihil litterati faenoris credidisti ?,"['unde', 'igitur', 'sermo', 'meus', 'larga', 'posco', 'usura', 'qui', 'nihil', 'littero', 'faenor', 'credo', '?']"
Ausonius,Patristic,Mosella,"['volitat', 'tuus', 'mosella', 'per', 'manus', 'sinusque', 'multorum', 'divinis', 'a', 'te', 'versibus', 'consecratus', 'sed', 'tantum', 'nostra', 'ora', 'praelabitur', '.']",volitat tuus mosella per manus sinusque multorum divinis a te versibus consecratus sed tantum nostra ora praelabitur .,"['volitat', 'tuus', 'mosella', 'per', 'manus', 'sinusque', 'multus', 'divinis', 'ab', 'tu', 'versibus', 'consecro', 'sed', 'tantum', 'noster', 'ora', 'praelabo', '.']"
Ausonius,Patristic,Mosella,"['cur', 'me', 'istius', 'libelli', 'quaeso', 'exortem', 'esse', 'voluisti', '?']",cur me istius libelli quaeso exortem esse voluisti ?,"['cur', 'ego', 'iste', 'libellum', 'quaero', 'exors', 'sum', 'voluisti', '?']"
Ausonius,Patristic,Mosella,"['aut', '', 'tibi', 'videbar', 'qui', 'iudicare', 'non', 'possem', 'aut', 'certe', 'malignus', 'qui', 'laudare', 'nescirem', '.']",aut  tibi videbar qui iudicare non possem aut certe malignus qui laudare nescirem .,"['aut', '', 'tu', 'videbar', 'qui', 'iudico', 'non', 'possum', 'aut', 'certe', 'malignus', 'qui', 'laudo', 'nescio', '.']"
Ausonius,Patristic,Mosella,"['itaque', 'vel', 'ingenio', 'meo', 'plurimum', 'vel', 'moribus', 'derogasti', '.']",itaque vel ingenio meo plurimum vel moribus derogasti .,"['itaque', 'vel', 'ingenium', 'meus', 'multus', 'vel', 'mos', 'derogo', '.']"
Ausonius,Patristic,Mosella,"['et', 'tamen', 'contra', 'interdictum', 'tuum', 'vix', 'ad', 'illius', 'operis', 'arcana', 'perveni', 'velim', 'tacere', 'quid', 'sentiam', 'velim', 'iusto', 'de', 'te', 'silentio', 'vindicari', 'sed', 'admiratio', 'scriptorum', 'sensum', 'frangit', 'iniuriae', '.']",et tamen contra interdictum tuum vix ad illius operis arcana perveni velim tacere quid sentiam velim iusto de te silentio vindicari sed admiratio scriptorum sensum frangit iniuriae .,"['et', 'tamen', 'contra', 'interdictus', 'tuus', 'vix', 'ad', 'ille', 'opus', 'arcanum', 'perveni', 'velim', 'taceo', 'quis', 'sentio', 'velim', 'iustus', 'de', 'tu', 'silentio', 'vindicari', 'sed', 'admiratio', 'scribo', 'sensus', 'frango', 'iniurius', '.']"
Ausonius,Patristic,Mosella,"['novi', 'ego', 'istum', 'fluvium', 'cum', 'aeternorum', 'principum', 'iam', 'pridem', 'signa', 'comitarer', 'parem', 'multis', 'imparem', 'maximis', 'hunc', 'tu', 'mihi', 'inproviso', 'clarorum', 'versuum', 'dignitate', 'aegyptio', 'nilo', 'maiorem', 'frigidiorem', 'scythico', 'tanai', 'clarioremque', 'hoc', 'nostro', 'populari', 'tiberi', 'reddidisti', '.']",novi ego istum fluvium cum aeternorum principum iam pridem signa comitarer parem multis imparem maximis hunc tu mihi inproviso clarorum versuum dignitate aegyptio nilo maiorem frigidiorem scythico tanai clarioremque hoc nostro populari tiberi reddidisti .,"['nos', 'ego', 'iste', 'fluvium', 'cum', 'aeternus', 'princeps', 'iam', 'prideo', 'signum', 'comito', 'par', 'multus', 'impar', 'magnus', 'hic', 'tu', 'ego', 'inproviso', 'clarum', 'versuum', 'dignitas', 'aegyptio', 'nilus', 'magnus', 'frigidus', 'scythicus', 'tana', 'clarus', 'hic', 'noster', 'popularis', 'tiber', 'reddo', '.']"
Ausonius,Patristic,Mosella,"['nequaquam', 'tibi', 'crederem', 'de', 'mosellae', 'ortu', 'ac', 'meatu', 'magna', 'narranti', 'ni', 'scirem', 'quod', 'nec', 'in', 'poemate', 'mentiaris', '.']",nequaquam tibi crederem de mosellae ortu ac meatu magna narranti ni scirem quod nec in poemate mentiaris .,"['nequaquam', 'tu', 'credo', 'de', 'mosella', 'ortus', 'atque', 'meatus', 'magnus', 'narro', 'ni', 'scio', 'quod', 'nec', 'in', 'poema', 'mentiarus', '.']"
Ausonius,Patristic,Mosella,"['unde', 'illa', 'amnicorum', 'piscium', 'examina', 'repperisti', 'quam', 'nominibus', 'varia', 'tam', 'coloribus', 'ut', 'magnitudine', 'distanti', 'sic', 'sapore', 'quae', 'tu', 'pigmentis', 'istius', 'carminis', 'supra', 'naturae', 'dona', 'fucasti', '?']",unde illa amnicorum piscium examina repperisti quam nominibus varia tam coloribus ut magnitudine distanti sic sapore quae tu pigmentis istius carminis supra naturae dona fucasti ?,"['unde', 'ille', 'amnicus', 'piscium', 'examina', 'repperio', 'quam', 'nomen', 'varia', 'tam', 'color', 'ut', 'magnitudo', 'disto', 'sic', 'sapor', 'qui', 'tu', 'pigmentum', 'iste', 'carmen', 'supra', 'natura', 'donum', 'fucor', '?']"
Ausonius,Patristic,Mosella,"['atquin', 'in', 'tuis', 'mensis', 'saepe', 'versatus', 'cum', 'pleraque', 'alia', 'quae', 'tunc', 'in', 'pretio', 'erant', 'esui', 'obiecta', 'mirarer', 'numquam', 'hoc', 'genus', 'piscium', 'deprehendi', 'quando', 'tibi', 'hi', 'pisces', 'in', 'libro', 'nati', 'sunt', 'qui', 'in', 'ferculis', 'non', 'fuerunt', '?']",atquin in tuis mensis saepe versatus cum pleraque alia quae tunc in pretio erant esui obiecta mirarer numquam hoc genus piscium deprehendi quando tibi hi pisces in libro nati sunt qui in ferculis non fuerunt ?,"['atquin', 'in', 'tuus', 'mensis', 'saepe', 'versatus', 'cum', 'plerusque', 'alius', 'qui', 'tunc', 'in', 'pretium', 'sum', 'esue', 'obiectum', 'miror', 'numquam', 'hic', 'genus', 'piscium', 'deprehendo', 'quando', 'tu', 'hic', 'pisces', 'in', 'liber', 'nascor', 'sum', 'qui', 'in', 'fercula', 'non', 'sum', '?']"
Ausonius,Patristic,Mosella,"['iocari', 'me', 'putas', 'atque', 'agere', 'nugas', '?']",iocari me putas atque agere nugas ?,"['ioco', 'ego', 'puto', 'atque', 'ago', 'nuga', '?']"
Ausonius,Patristic,Mosella,"['ita', 'deus', 'me', 'probabilem', 'praestet', 'ut', 'ego', 'hoc', 'tuum', 'carmen', 'libris', 'maronis', 'adiungo', '.']",ita deus me probabilem praestet ut ego hoc tuum carmen libris maronis adiungo .,"['ita', 'deus', 'ego', 'probabilis', 'praesto', 'ut', 'ego', 'hic', 'tuus', 'carmen', 'liber', 'maro', 'adiungo', '.']"
Ausonius,Patristic,Mosella,"['sed', 'iam', 'desinam', 'mei', 'oblitus', 'doloris', 'inhaerere', 'laudibus', 'tuis', 'ne', 'hoc', 'quoque', 'ad', 'gloriam', 'tuam', 'trahas', 'quod', 'te', 'miramur', 'offensi', 'spargas', 'licet', 'volumina', 'tua', 'et', 'me', 'semper', 'excipias', 'fruemur', 'tamen', 'tuo', 'opere', 'sed', 'aliorum', 'benignitate', 'vale', '.']",sed iam desinam mei oblitus doloris inhaerere laudibus tuis ne hoc quoque ad gloriam tuam trahas quod te miramur offensi spargas licet volumina tua et me semper excipias fruemur tamen tuo opere sed aliorum benignitate vale .,"['sed', 'iam', 'desino', 'meus', 'obliuiscor', 'dolor', 'inhaereo', 'laus', 'tuus', 'ne', 'hic', 'quoque', 'ad', 'gloria', 'tuus', 'traho', 'quod', 'tu', 'miror', 'offens', 'spargo', 'licet', 'volumina', 'tuus', 'et', 'ego', 'semper', 'excipio', 'fruor', 'tamen', 'tuus', 'opus', 'sed', 'alius', 'benignitas', 'vale', '.']"
Ausonius,Patristic,Ephemeris,"['quadrupedum', 'et', 'volucrum', 'vel', 'cum', 'terrena', 'marinis', 'monstra', 'admiscentur', 'donec', 'purgantibus', 'euris', 'difflatae', 'liquidum', 'tenuentur', 'in', 'aera', 'nubes', '.']",quadrupedum et volucrum vel cum terrena marinis monstra admiscentur donec purgantibus euris difflatae liquidum tenuentur in aera nubes .,"['quadrupes', 'et', 'volucrum', 'vel', 'cum', 'terrenus', 'maren', 'monstrum', 'admisceo', 'donec', 'purgo', 'eus', 'diffelo', 'liquidus', 'tenuo', 'in', 'aer', 'nubes', '.']"
Ausonius,Patristic,Ephemeris,"['nunc', 'fora', 'nunc', 'lites', 'laeti', 'modo', 'pompa', 'theatri', 'visitur', '.']",nunc fora nunc lites laeti modo pompa theatri visitur .,"['nunc', 'fora', 'nunc', 'lis', 'laecio', 'modus', 'pompa', 'theater', 'visitur', '.']"
Ausonius,Patristic,Ephemeris,"['et', 'turmas', 'equitum', 'caedesque', 'latronum', 'perpetior', 'lacerat', 'nostros', 'fera', 'bellua', 'vultus', 'aut', 'in', 'sanguinea', 'gladio', 'grassamur', 'arena', '.']",et turmas equitum caedesque latronum perpetior lacerat nostros fera bellua vultus aut in sanguinea gladio grassamur arena .,"['et', 'turma', 'equitus', 'caedesque', 'latro', 'perpetus', 'lacero', 'noster', 'ferus', 'bellua', 'vultus', 'aut', 'in', 'sanguineum', 'gladius', 'grasso', 'arena', '.']"
Ausonius,Patristic,Ephemeris,"['per', 'mare', 'navifragum', 'gradior', 'pedes', 'et', 'freta', 'cursu', 'transilio', 'et', 'subitis', 'volito', 'super', 'aera', 'pinnis', '.']",per mare navifragum gradior pedes et freta cursu transilio et subitis volito super aera pinnis .,"['per', 'mare', 'navifragum', 'gradus', 'pes', 'et', 'fretus', 'cursus', 'transilius', 'et', 'subeo', 'volito', 'super', 'aer', 'pinnis', '.']"
Ausonius,Patristic,Ephemeris,"['infandas', 'etiam', 'veneres', 'incestaque', 'noctis', 'dedecora', 'et', 'tragicos', 'patimur', 'per', 'somnia', 'coetus', '.']",infandas etiam veneres incestaque noctis dedecora et tragicos patimur per somnia coetus .,"['infero', 'etiam', 'veneres', 'incestus', 'nox', 'dedecus', 'et', 'tragicus', 'patior', 'per', 'somnium', 'coetus', '.']"
Ausonius,Patristic,Ephemeris,"['perfugium', 'tamen', 'est', 'quotiens', 'portenta', 'soporum', 'solvit', 'rupta', 'pudore', 'quies', 'et', 'imagine', 'foeda', 'libera', 'mens', 'vigilat', 'totum', 'bene', 'conscia', 'lectum', 'pertractat', 'secura', 'manus', '.']",perfugium tamen est quotiens portenta soporum solvit rupta pudore quies et imagine foeda libera mens vigilat totum bene conscia lectum pertractat secura manus .,"['perfugium', 'tamen', 'sum', 'quotiens', 'portentum', 'sopus', 'solvit', 'ruo', 'pudor', 'quies', 'et', 'imago', 'foedus', 'liber', 'mens', 'vigilat', 'totus', 'bene', 'conscius', 'lectus', 'pertracto', 'securus', 'manus', '.']"
Ausonius,Patristic,Ephemeris,"['probrosa', 'recedit', 'culpa', 'tori', 'et', 'profugi', 'minuiscunt', 'crimina', 'somni', 'cerno', 'triumphantes', 'inter', 'me', 'plaudere', 'rursum', 'inter', 'captivos', 'trahor', 'exarmatus', 'alanos', '.']",probrosa recedit culpa tori et profugi minuiscunt crimina somni cerno triumphantes inter me plaudere rursum inter captivos trahor exarmatus alanos .,"['probrosus', 'recedo', 'culpa', 'torus', 'et', 'profugus', 'minuiscor', 'crimen', 'somnus', 'cerno', 'triumpho', 'inter', 'ego', 'plaudo', 'rursus', 'inter', 'captivos', 'trahor', 'exarmo', 'alanus', '.']"
Ausonius,Patristic,Ephemeris,"['templa', 'deum', 'sanctasque', 'fores', 'palatiaque', 'aurea', 'specto', 'et', 'sarrano', 'videor', 'discumbere', 'in', 'ostro', 'et', 'mox', 'fumosis', 'conviva', 'accumbo', 'popinis', '.']",templa deum sanctasque fores palatiaque aurea specto et sarrano videor discumbere in ostro et mox fumosis conviva accumbo popinis .,"['templum', 'deus', 'sanctasque', 'forum', 'palatiasus', 'aurea', 'spicio', 'et', 'sarranum', 'videor', 'discumbo', 'in', 'oster', 'et', 'mox', 'fumosus', 'conviva', 'accumbo', 'popina', '.']"
Ausonius,Patristic,Ephemeris,"['divinum', 'perhibent', 'vatem', 'sub', 'frondibus', 'ulmi', 'vana', 'ignavorum', 'simulacra', 'locasse', 'soporum', 'et', 'geminas', 'numero', 'portas', 'quae', 'fornice', 'eburno', 'semper', 'fallaces', 'glomerat', 'super', 'aera', 'formas', 'altera', 'quae', 'veros', 'emittit', 'cornea', 'visus', '.']",divinum perhibent vatem sub frondibus ulmi vana ignavorum simulacra locasse soporum et geminas numero portas quae fornice eburno semper fallaces glomerat super aera formas altera quae veros emittit cornea visus .,"['divinum', 'perhibeo', 'vatem', 'sub', 'frondus', 'ulmum', 'vana', 'ignavorum', 'simulacrum', 'loco', 'sopus', 'et', 'gemina', 'numero', 'porta', 'qui', 'fornix', 'eburnus', 'semper', 'fallax', 'glomero', 'super', 'aer', 'forma', 'alter', 'qui', 'veros', 'emitto', 'corneum', 'visus', '.']"
Ausonius,Patristic,Ephemeris,"['quod', 'si', 'de', 'dubiis', 'conceditur', 'optio', 'nobis', 'deesse', 'fidem', 'laetis', 'melius', 'quam', 'vana', 'timeri', '.']",quod si de dubiis conceditur optio nobis deesse fidem laetis melius quam vana timeri .,"['quod', 'si', 'de', 'dubius', 'concedo', 'optio', 'nos', 'desum', 'fides', 'laetus', 'bonus', 'quam', 'vana', 'timeo', '.']"
Ausonius,Patristic,Ephemeris,"['ecce', 'ego', 'jam', 'malim', 'falli', 'nam', 'dummodo', 'semper', 'tristia', 'vanescant', 'potius', 'caruisse', 'fruendis', 'quam', 'trepidare', 'malis', '.']",ecce ego jam malim falli nam dummodo semper tristia vanescant potius caruisse fruendis quam trepidare malis .,"['ecce', 'ego', 'jam', 'malio', 'fallo', 'nam', 'dummodo', 'semper', 'tristius', 'vanescant', 'potius', 'careo', 'fruor', 'quam', 'trepido', 'malus', '.']"
Ausonius,Patristic,Ephemeris,"['satis', 'est', 'bene', 'si', 'metus', 'absit', '.']",satis est bene si metus absit .,"['satis', 'sum', 'bene', 'si', 'metus', 'absum', '.']"
Ausonius,Patristic,Ephemeris,"['sunt', 'et', 'qui', 'fletus', 'et', 'gaudia', 'controversa', 'conjectent', 'varioque', 'trahant', 'eventa', 'relatu', '.']",sunt et qui fletus et gaudia controversa conjectent varioque trahant eventa relatu .,"['sum', 'et', 'qui', 'fletus', 'et', 'gaudium', 'controversa', 'conjectent', 'varioque', 'traho', 'eventa', 'relatus', '.']"
Ausonius,Patristic,Ephemeris,"['ite', 'per', 'obliquos', 'coeli', 'mala', 'somnia', 'mundos', 'irrequieta', 'vagi', 'qua', 'difflant', 'nubila', 'nimbi', '.']",ite per obliquos coeli mala somnia mundos irrequieta vagi qua difflant nubila nimbi .,"['eo', 'per', 'obliquus', 'coelum', 'malus', 'somnium', 'mundus', 'irrequietus', 'vagi', 'qui', 'difflo', 'nubila', 'nimbus', '.']"
Ausonius,Patristic,Ephemeris,"['lunares', 'habitate', 'polos', '.']",lunares habitate polos .,"['luna', 'habito', 'polus', '.']"
Ausonius,Patristic,Ephemeris,"['quid', 'nostra', 'subitis', 'limina', 'et', 'angusti', 'tenebrosa', 'cubilia', 'tecti', '?']",quid nostra subitis limina et angusti tenebrosa cubilia tecti ?,"['quis', 'noster', 'subeo', 'limina', 'et', 'angustus', 'tenebrosus', 'cubilis', 'tingo', '?']"
Ausonius,Patristic,Ephemeris,"['me', 'sinite', 'ignavas', 'placidum', 'traducere', 'noctes', 'dum', 'redeat', 'roseo', 'mihi', 'lucifer', 'aureus', 'ortu', '.']",me sinite ignavas placidum traducere noctes dum redeat roseo mihi lucifer aureus ortu .,"['ego', 'sino', 'ignavas', 'placidus', 'traduco', 'nox', 'dum', 'redeo', 'roseus', 'ego', 'lucifer', 'aureus', 'ortus', '.']"
Ausonius,Patristic,Ephemeris,"['quod', 'si', 'me', 'nullis', 'vexatum', 'nocte', 'figuris', 'mollis', 'tranquillo', 'permulserit', 'aere', 'somnus', 'hunc', 'lucum', 'nostro', 'viridis', 'qui', 'frondet', 'in', 'agro', 'ulmeus', 'excubiis', 'habitandum', 'dedico', 'vestris', '.']",quod si me nullis vexatum nocte figuris mollis tranquillo permulserit aere somnus hunc lucum nostro viridis qui frondet in agro ulmeus excubiis habitandum dedico vestris .,"['quod', 'si', 'ego', 'nullus', 'vexatum', 'nox', 'figura', 'mollis', 'tranquillus', 'permulo', 'aer', 'somnus', 'hic', 'lucus', 'noster', 'viridis', 'qui', 'frondeo', 'in', 'ager', 'ulmeus', 'excubius', 'habito', 'dedico', 'vestris', '.']"
